School id,Course Id,Student Id
1,15,1
1,9,2
1,7,3
1,1,4
1,3,5
1,11,6
1,24,7
1,19,8
1,23,9
1,17,10
1,5,11
1,21,12
1,2,13
1,14,14
1,13,15
1,24,16
1,13,17
1,11,18
1,18,19
1,19,20
1,16,21
1,8,22
1,23,23
1,1,24
1,16,25
1,11,26
1,22,27
1,24,28
1,23,29
1,22,30
1,20,31
1,14,32
1,7,33
1,3,34
1,14,35
1,10,36
1,13,37
1,14,38
1,4,39
1,12,40
1,6,41
1,9,42
1,8,43
1,8,44
1,23,45
1,20,46
1,7,47
1,11,48
1,7,49
1,24,50
1,6,51
1,22,52
1,7,53
1,4,54
1,23,55
1,23,56
1,15,57
1,20,58
1,23,59
1,14,60
1,18,61
1,18,62
1,3,63
1,1,64
1,20,65
1,17,66
1,10,67
1,9,68
1,6,69
1,14,70
1,20,71
1,11,72
1,22,73
1,4,74
1,18,75
1,20,76
1,24,77
1,1,78
1,7,79
1,6,80
1,24,81
1,12,82
1,4,83
1,7,84
1,16,85
1,2,86
1,6,87
1,6,88
1,22,89
1,4,90
1,20,91
1,16,92
1,22,93
1,23,94
1,16,95
1,18,96
1,15,97
1,1,98
1,2,99
1,20,100
1,14,101
2,22,102
2,7,103
2,12,104
2,2,105
2,1,106
2,8,107
2,1,108
2,1,109
2,14,110
2,6,111
2,1,112
2,2,113
2,10,114
2,8,115
2,18,116
2,11,117
2,13,118
2,24,119
2,9,120
2,17,121
2,19,122
2,24,123
2,14,124
2,17,125
2,15,126
2,7,127
2,7,128
2,16,129
2,9,130
2,3,131
2,6,132
2,7,133
2,10,134
2,18,135
2,8,136
2,10,137
2,1,138
2,9,139
2,11,140
2,15,141
2,15,142
2,12,143
2,17,144
2,24,145
2,19,146
2,10,147
2,11,148
2,8,149
2,9,150
2,19,151
2,24,152
2,3,153
2,19,154
2,14,155
2,20,156
2,9,157
2,20,158
2,3,159
2,1,160
2,5,161
2,5,162
2,7,163
2,12,164
2,15,165
2,24,166
2,19,167
2,1,168
2,1,169
2,3,170
2,12,171
2,15,172
2,18,173
2,23,174
2,7,175
2,17,176
2,18,177
2,16,178
2,3,179
2,1,180
2,24,181
2,22,182
2,1,183
2,3,184
2,16,185
2,14,186
2,22,187
2,1,188
2,10,189
2,24,190
2,1,191
2,15,192
2,5,193
2,8,194
2,2,195
2,20,196
2,7,197
2,21,198
2,20,199
2,7,200
2,24,201
3,8,202
3,22,203
3,17,204
3,6,205
3,4,206
3,9,207
3,23,208
3,20,209
3,12,210
3,24,211
3,20,212
3,9,213
3,24,214
3,23,215
3,1,216
3,14,217
3,20,218
3,1,219
3,24,220
3,20,221
3,2,222
3,14,223
3,1,224
3,9,225
3,15,226
3,20,227
3,16,228
3,11,229
3,16,230
3,23,231
3,10,232
3,23,233
3,20,234
3,2,235
3,5,236
3,24,237
3,11,238
3,4,239
3,20,240
3,22,241
3,3,242
3,16,243
3,7,244
3,3,245
3,14,246
3,8,247
3,17,248
3,10,249
3,8,250
3,16,251
3,5,252
3,10,253
3,5,254
3,6,255
3,19,256
3,20,257
3,2,258
3,10,259
3,7,260
3,17,261
3,9,262
3,16,263
3,16,264
3,5,265
3,18,266
3,20,267
3,5,268
3,5,269
3,24,270
3,24,271
3,3,272
3,2,273
3,15,274
3,9,275
3,5,276
3,5,277
3,16,278
3,22,279
3,14,280
3,24,281
3,13,282
3,19,283
3,9,284
3,18,285
3,24,286
3,3,287
3,14,288
3,1,289
3,13,290
3,20,291
3,18,292
3,22,293
3,12,294
3,10,295
3,2,296
3,5,297
3,6,298
3,6,299
3,10,300
4,5,301
4,6,302
4,12,303
4,7,304
4,21,305
4,20,306
4,12,307
4,1,308
4,12,309
4,9,310
4,15,311
4,12,312
4,21,313
4,9,314
4,20,315
4,15,316
4,8,317
4,23,318
4,4,319
4,9,320
4,12,321
4,23,322
4,3,323
4,9,324
4,11,325
4,13,326
4,11,327
4,15,328
4,18,329
4,17,330
4,1,331
4,23,332
4,23,333
4,12,334
4,5,335
4,19,336
4,8,337
4,17,338
4,20,339
4,19,340
4,1,341
4,10,342
4,6,343
4,22,344
4,19,345
4,2,346
4,12,347
4,3,348
4,1,349
4,16,350
4,12,351
4,13,352
4,15,353
4,14,354
4,22,355
4,1,356
4,3,357
4,8,358
4,16,359
4,20,360
4,1,361
4,16,362
4,18,363
4,23,364
4,3,365
4,23,366
4,18,367
4,11,368
4,15,369
4,14,370
4,5,371
4,16,372
4,24,373
4,11,374
4,13,375
4,18,376
4,13,377
4,1,378
4,21,379
4,14,380
4,17,381
4,8,382
4,2,383
4,7,384
4,22,385
4,23,386
4,8,387
4,24,388
4,7,389
4,23,390
4,19,391
4,7,392
4,15,393
4,13,394
4,6,395
4,17,396
4,12,397
4,23,398
5,4,399
5,3,400
5,13,401
5,8,402
5,18,403
5,12,404
5,19,405
5,7,406
5,6,407
5,8,408
5,8,409
5,2,410
5,21,411
5,24,412
5,9,413
5,22,414
5,7,415
5,6,416
5,21,417
5,15,418
5,5,419
5,3,420
5,13,421
5,24,422
5,9,423
5,3,424
5,13,425
5,15,426
5,20,427
5,24,428
5,13,429
5,23,430
5,3,431
5,2,432
5,7,433
5,21,434
5,14,435
5,2,436
5,3,437
5,19,438
5,10,439
5,11,440
5,21,441
5,6,442
5,11,443
5,5,444
5,4,445
5,18,446
5,11,447
5,24,448
5,8,449
5,16,450
5,3,451
5,20,452
5,16,453
5,12,454
5,23,455
5,4,456
5,2,457
5,19,458
5,4,459
5,15,460
5,18,461
5,6,462
5,16,463
5,24,464
5,2,465
5,5,466
5,2,467
5,5,468
5,24,469
5,11,470
5,16,471
5,20,472
5,17,473
5,2,474
5,1,475
5,20,476
5,19,477
5,12,478
5,20,479
5,2,480
5,3,481
5,23,482
5,22,483
5,18,484
5,10,485
5,21,486
5,22,487
5,11,488
5,15,489
5,1,490
5,2,491
5,8,492
5,7,493
5,17,494
5,8,495
6,9,496
6,22,497
6,10,498
6,14,499
6,21,500
6,20,501
6,5,502
6,17,503
6,12,504
6,6,505
6,17,506
6,8,507
6,1,508
6,4,509
6,4,510
6,3,511
6,7,512
6,2,513
6,24,514
6,24,515
6,12,516
6,21,517
6,22,518
6,22,519
6,11,520
6,23,521
6,24,522
6,19,523
6,5,524
6,16,525
6,3,526
6,14,527
6,14,528
6,12,529
6,3,530
6,10,531
6,8,532
6,8,533
6,2,534
6,20,535
6,14,536
6,19,537
6,3,538
6,14,539
6,22,540
6,7,541
6,17,542
6,4,543
6,8,544
6,16,545
6,4,546
6,19,547
6,13,548
6,1,549
6,17,550
6,24,551
6,23,552
6,16,553
6,18,554
6,4,555
6,8,556
6,21,557
6,18,558
6,22,559
6,8,560
6,20,561
6,7,562
6,16,563
6,3,564
6,9,565
6,11,566
6,16,567
6,3,568
6,14,569
6,6,570
6,1,571
6,20,572
6,22,573
6,5,574
6,4,575
6,14,576
6,8,577
6,23,578
6,2,579
6,9,580
6,15,581
6,1,582
6,8,583
6,7,584
6,19,585
6,12,586
6,15,587
6,16,588
6,5,589
6,12,590
6,23,591
7,1,592
7,19,593
7,15,594
7,4,595
7,4,596
7,1,597
7,20,598
7,7,599
7,15,600
7,1,601
7,7,602
7,10,603
7,23,604
7,12,605
7,13,606
7,12,607
7,19,608
7,11,609
7,14,610
7,4,611
7,2,612
7,15,613
7,12,614
7,9,615
7,10,616
7,24,617
7,23,618
7,1,619
7,4,620
7,11,621
7,24,622
7,5,623
7,5,624
7,14,625
7,8,626
7,8,627
7,15,628
7,3,629
7,14,630
7,5,631
7,4,632
7,21,633
7,14,634
7,2,635
7,8,636
7,3,637
7,14,638
7,3,639
7,14,640
7,4,641
7,7,642
7,15,643
7,18,644
7,18,645
7,23,646
7,4,647
7,17,648
7,22,649
7,4,650
7,21,651
7,8,652
7,3,653
7,1,654
7,13,655
7,17,656
7,8,657
7,21,658
7,7,659
7,11,660
7,11,661
7,11,662
7,14,663
7,7,664
7,1,665
7,16,666
7,15,667
7,4,668
7,5,669
7,18,670
7,17,671
7,9,672
7,24,673
7,7,674
7,2,675
7,18,676
7,6,677
7,5,678
7,11,679
7,3,680
7,9,681
7,7,682
7,11,683
7,12,684
7,8,685
7,23,686
8,4,687
8,15,688
8,19,689
8,10,690
8,2,691
8,6,692
8,21,693
8,15,694
8,12,695
8,22,696
8,7,697
8,3,698
8,1,699
8,12,700
8,20,701
8,17,702
8,20,703
8,19,704
8,24,705
8,22,706
8,12,707
8,5,708
8,2,709
8,22,710
8,8,711
8,11,712
8,5,713
8,18,714
8,22,715
8,12,716
8,17,717
8,1,718
8,3,719
8,12,720
8,11,721
8,4,722
8,17,723
8,8,724
8,19,725
8,5,726
8,5,727
8,1,728
8,7,729
8,5,730
8,13,731
8,3,732
8,22,733
8,8,734
8,21,735
8,21,736
8,5,737
8,9,738
8,1,739
8,7,740
8,7,741
8,8,742
8,17,743
8,12,744
8,2,745
8,14,746
8,23,747
8,18,748
8,15,749
8,2,750
8,5,751
8,1,752
8,5,753
8,21,754
8,8,755
8,24,756
8,2,757
8,13,758
8,1,759
8,8,760
8,17,761
8,13,762
8,11,763
8,15,764
8,20,765
8,7,766
8,11,767
8,1,768
8,16,769
8,11,770
8,7,771
8,23,772
8,19,773
8,23,774
8,10,775
8,20,776
8,13,777
8,9,778
8,13,779
8,4,780
9,11,781
9,18,782
9,4,783
9,15,784
9,15,785
9,12,786
9,15,787
9,16,788
9,24,789
9,16,790
9,24,791
9,17,792
9,4,793
9,10,794
9,8,795
9,24,796
9,17,797
9,18,798
9,1,799
9,9,800
9,5,801
9,7,802
9,7,803
9,23,804
9,6,805
9,17,806
9,18,807
9,19,808
9,2,809
9,7,810
9,22,811
9,12,812
9,24,813
9,2,814
9,3,815
9,14,816
9,13,817
9,17,818
9,6,819
9,13,820
9,9,821
9,5,822
9,6,823
9,12,824
9,14,825
9,13,826
9,12,827
9,6,828
9,7,829
9,12,830
9,15,831
9,11,832
9,19,833
9,21,834
9,9,835
9,24,836
9,14,837
9,3,838
9,18,839
9,15,840
9,9,841
9,16,842
9,3,843
9,9,844
9,17,845
9,5,846
9,23,847
9,6,848
9,22,849
9,4,850
9,18,851
9,6,852
9,8,853
9,24,854
9,18,855
9,22,856
9,13,857
9,6,858
9,4,859
9,19,860
9,17,861
9,18,862
9,5,863
9,12,864
9,15,865
9,14,866
9,11,867
9,4,868
9,16,869
9,5,870
9,19,871
9,1,872
9,20,873
10,21,874
10,10,875
10,12,876
10,2,877
10,8,878
10,17,879
10,23,880
10,11,881
10,11,882
10,5,883
10,19,884
10,11,885
10,22,886
10,16,887
10,23,888
10,3,889
10,20,890
10,18,891
10,20,892
10,13,893
10,23,894
10,7,895
10,3,896
10,12,897
10,18,898
10,7,899
10,4,900
10,22,901
10,1,902
10,5,903
10,18,904
10,22,905
10,14,906
10,6,907
10,23,908
10,22,909
10,23,910
10,22,911
10,9,912
10,10,913
10,2,914
10,3,915
10,20,916
10,24,917
10,19,918
10,19,919
10,3,920
10,14,921
10,12,922
10,22,923
10,3,924
10,11,925
10,5,926
10,6,927
10,22,928
10,22,929
10,13,930
10,2,931
10,20,932
10,13,933
10,6,934
10,13,935
10,11,936
10,20,937
10,19,938
10,9,939
10,17,940
10,17,941
10,7,942
10,1,943
10,2,944
10,8,945
10,4,946
10,22,947
10,8,948
10,22,949
10,17,950
10,10,951
10,12,952
10,5,953
10,7,954
10,15,955
10,15,956
10,12,957
10,21,958
10,13,959
10,9,960
10,9,961
10,14,962
10,5,963
10,22,964
10,19,965
11,18,966
11,8,967
11,15,968
11,12,969
11,17,970
11,7,971
11,5,972
11,23,973
11,7,974
11,7,975
11,7,976
11,10,977
11,4,978
11,14,979
11,8,980
11,21,981
11,24,982
11,20,983
11,1,984
11,7,985
11,10,986
11,15,987
11,18,988
11,6,989
11,3,990
11,2,991
11,14,992
11,16,993
11,7,994
11,11,995
11,11,996
11,24,997
11,19,998
11,1,999
11,11,1000
11,12,1001
11,8,1002
11,15,1003
11,10,1004
11,15,1005
11,22,1006
11,17,1007
11,24,1008
11,2,1009
11,7,1010
11,8,1011
11,22,1012
11,6,1013
11,3,1014
11,22,1015
11,13,1016
11,12,1017
11,12,1018
11,6,1019
11,18,1020
11,15,1021
11,8,1022
11,8,1023
11,7,1024
11,14,1025
11,19,1026
11,18,1027
11,13,1028
11,13,1029
11,19,1030
11,24,1031
11,24,1032
11,2,1033
11,15,1034
11,10,1035
11,16,1036
11,12,1037
11,3,1038
11,16,1039
11,13,1040
11,10,1041
11,23,1042
11,10,1043
11,16,1044
11,2,1045
11,8,1046
11,4,1047
11,13,1048
11,19,1049
11,9,1050
11,7,1051
11,10,1052
11,16,1053
11,14,1054
11,16,1055
11,5,1056
12,8,1057
12,9,1058
12,18,1059
12,21,1060
12,3,1061
12,17,1062
12,20,1063
12,5,1064
12,7,1065
12,6,1066
12,20,1067
12,19,1068
12,8,1069
12,12,1070
12,7,1071
12,18,1072
12,11,1073
12,17,1074
12,9,1075
12,12,1076
12,24,1077
12,12,1078
12,24,1079
12,19,1080
12,20,1081
12,7,1082
12,4,1083
12,12,1084
12,20,1085
12,20,1086
12,17,1087
12,3,1088
12,4,1089
12,11,1090
12,23,1091
12,7,1092
12,3,1093
12,19,1094
12,12,1095
12,10,1096
12,1,1097
12,8,1098
12,5,1099
12,9,1100
12,19,1101
12,11,1102
12,2,1103
12,5,1104
12,4,1105
12,10,1106
12,16,1107
12,3,1108
12,22,1109
12,16,1110
12,22,1111
12,17,1112
12,22,1113
12,1,1114
12,5,1115
12,18,1116
12,20,1117
12,22,1118
12,20,1119
12,24,1120
12,8,1121
12,19,1122
12,7,1123
12,11,1124
12,14,1125
12,19,1126
12,20,1127
12,14,1128
12,2,1129
12,24,1130
12,22,1131
12,20,1132
12,11,1133
12,23,1134
12,1,1135
12,14,1136
12,8,1137
12,17,1138
12,17,1139
12,5,1140
12,8,1141
12,14,1142
12,22,1143
12,6,1144
12,15,1145
12,3,1146
13,23,1147
13,11,1148
13,24,1149
13,19,1150
13,10,1151
13,7,1152
13,14,1153
13,17,1154
13,17,1155
13,3,1156
13,11,1157
13,13,1158
13,16,1159
13,12,1160
13,13,1161
13,13,1162
13,8,1163
13,23,1164
13,12,1165
13,9,1166
13,13,1167
13,20,1168
13,1,1169
13,6,1170
13,1,1171
13,9,1172
13,19,1173
13,23,1174
13,14,1175
13,9,1176
13,1,1177
13,13,1178
13,20,1179
13,1,1180
13,8,1181
13,6,1182
13,7,1183
13,21,1184
13,22,1185
13,24,1186
13,23,1187
13,9,1188
13,13,1189
13,15,1190
13,21,1191
13,1,1192
13,4,1193
13,5,1194
13,24,1195
13,15,1196
13,13,1197
13,13,1198
13,10,1199
13,13,1200
13,18,1201
13,10,1202
13,22,1203
13,13,1204
13,9,1205
13,12,1206
13,22,1207
13,9,1208
13,24,1209
13,17,1210
13,9,1211
13,7,1212
13,22,1213
13,16,1214
13,4,1215
13,20,1216
13,16,1217
13,2,1218
13,4,1219
13,4,1220
13,17,1221
13,1,1222
13,5,1223
13,20,1224
13,5,1225
13,4,1226
13,10,1227
13,18,1228
13,16,1229
13,20,1230
13,7,1231
13,10,1232
13,6,1233
13,4,1234
13,22,1235
14,14,1236
14,15,1237
14,19,1238
14,23,1239
14,14,1240
14,11,1241
14,7,1242
14,21,1243
14,8,1244
14,23,1245
14,24,1246
14,3,1247
14,15,1248
14,2,1249
14,6,1250
14,18,1251
14,18,1252
14,7,1253
14,22,1254
14,14,1255
14,11,1256
14,2,1257
14,23,1258
14,4,1259
14,18,1260
14,19,1261
14,10,1262
14,3,1263
14,24,1264
14,14,1265
14,24,1266
14,14,1267
14,4,1268
14,18,1269
14,12,1270
14,18,1271
14,4,1272
14,19,1273
14,15,1274
14,12,1275
14,17,1276
14,14,1277
14,14,1278
14,7,1279
14,16,1280
14,20,1281
14,1,1282
14,9,1283
14,2,1284
14,23,1285
14,23,1286
14,13,1287
14,24,1288
14,21,1289
14,17,1290
14,18,1291
14,16,1292
14,3,1293
14,20,1294
14,15,1295
14,16,1296
14,20,1297
14,4,1298
14,19,1299
14,13,1300
14,16,1301
14,13,1302
14,17,1303
14,10,1304
14,3,1305
14,4,1306
14,2,1307
14,17,1308
14,18,1309
14,9,1310
14,8,1311
14,13,1312
14,9,1313
14,17,1314
14,15,1315
14,8,1316
14,15,1317
14,4,1318
14,7,1319
14,12,1320
14,20,1321
14,1,1322
14,3,1323
15,22,1324
15,20,1325
15,18,1326
15,13,1327
15,16,1328
15,22,1329
15,8,1330
15,4,1331
15,13,1332
15,21,1333
15,21,1334
15,22,1335
15,23,1336
15,1,1337
15,23,1338
15,15,1339
15,18,1340
15,8,1341
15,23,1342
15,7,1343
15,17,1344
15,15,1345
15,21,1346
15,24,1347
15,6,1348
15,1,1349
15,6,1350
15,17,1351
15,20,1352
15,7,1353
15,19,1354
15,17,1355
15,3,1356
15,13,1357
15,6,1358
15,18,1359
15,10,1360
15,14,1361
15,22,1362
15,22,1363
15,10,1364
15,18,1365
15,19,1366
15,9,1367
15,18,1368
15,18,1369
15,23,1370
15,11,1371
15,2,1372
15,22,1373
15,18,1374
15,18,1375
15,12,1376
15,15,1377
15,17,1378
15,17,1379
15,15,1380
15,23,1381
15,10,1382
15,10,1383
15,5,1384
15,4,1385
15,3,1386
15,7,1387
15,17,1388
15,9,1389
15,24,1390
15,2,1391
15,23,1392
15,21,1393
15,24,1394
15,8,1395
15,15,1396
15,18,1397
15,16,1398
15,8,1399
15,12,1400
15,15,1401
15,19,1402
15,13,1403
15,12,1404
15,12,1405
15,6,1406
15,24,1407
15,3,1408
15,23,1409
15,17,1410
16,17,1411
16,21,1412
16,2,1413
16,3,1414
16,1,1415
16,6,1416
16,5,1417
16,8,1418
16,22,1419
16,14,1420
16,7,1421
16,24,1422
16,12,1423
16,4,1424
16,23,1425
16,20,1426
16,18,1427
16,17,1428
16,12,1429
16,2,1430
16,4,1431
16,3,1432
16,20,1433
16,17,1434
16,15,1435
16,8,1436
16,23,1437
16,14,1438
16,10,1439
16,21,1440
16,7,1441
16,3,1442
16,17,1443
16,8,1444
16,5,1445
16,18,1446
16,14,1447
16,10,1448
16,1,1449
16,11,1450
16,24,1451
16,8,1452
16,10,1453
16,11,1454
16,11,1455
16,9,1456
16,6,1457
16,5,1458
16,1,1459
16,18,1460
16,6,1461
16,4,1462
16,20,1463
16,2,1464
16,21,1465
16,10,1466
16,10,1467
16,19,1468
16,24,1469
16,20,1470
16,16,1471
16,6,1472
16,22,1473
16,9,1474
16,14,1475
16,3,1476
16,2,1477
16,3,1478
16,13,1479
16,3,1480
16,13,1481
16,12,1482
16,10,1483
16,23,1484
16,23,1485
16,21,1486
16,7,1487
16,5,1488
16,1,1489
16,8,1490
16,22,1491
16,7,1492
16,12,1493
16,17,1494
16,9,1495
16,8,1496
17,3,1497
17,18,1498
17,3,1499
17,2,1500
17,13,1501
17,18,1502
17,8,1503
17,11,1504
17,3,1505
17,21,1506
17,13,1507
17,4,1508
17,23,1509
17,1,1510
17,7,1511
17,12,1512
17,13,1513
17,16,1514
17,11,1515
17,11,1516
17,13,1517
17,18,1518
17,15,1519
17,14,1520
17,1,1521
17,13,1522
17,20,1523
17,12,1524
17,5,1525
17,5,1526
17,19,1527
17,8,1528
17,22,1529
17,22,1530
17,9,1531
17,10,1532
17,16,1533
17,16,1534
17,21,1535
17,18,1536
17,12,1537
17,9,1538
17,22,1539
17,11,1540
17,10,1541
17,4,1542
17,22,1543
17,22,1544
17,20,1545
17,8,1546
17,9,1547
17,9,1548
17,1,1549
17,24,1550
17,22,1551
17,2,1552
17,12,1553
17,18,1554
17,13,1555
17,17,1556
17,22,1557
17,8,1558
17,24,1559
17,19,1560
17,6,1561
17,9,1562
17,5,1563
17,21,1564
17,1,1565
17,1,1566
17,15,1567
17,13,1568
17,10,1569
17,12,1570
17,23,1571
17,20,1572
17,16,1573
17,21,1574
17,18,1575
17,12,1576
17,4,1577
17,2,1578
17,21,1579
17,5,1580
17,1,1581
18,18,1582
18,6,1583
18,13,1584
18,12,1585
18,19,1586
18,6,1587
18,9,1588
18,2,1589
18,5,1590
18,4,1591
18,7,1592
18,14,1593
18,9,1594
18,4,1595
18,14,1596
18,10,1597
18,18,1598
18,2,1599
18,20,1600
18,6,1601
18,1,1602
18,15,1603
18,22,1604
18,21,1605
18,8,1606
18,10,1607
18,24,1608
18,9,1609
18,6,1610
18,5,1611
18,10,1612
18,24,1613
18,11,1614
18,23,1615
18,11,1616
18,5,1617
18,4,1618
18,20,1619
18,7,1620
18,9,1621
18,24,1622
18,14,1623
18,22,1624
18,9,1625
18,18,1626
18,12,1627
18,19,1628
18,12,1629
18,14,1630
18,14,1631
18,17,1632
18,14,1633
18,4,1634
18,15,1635
18,10,1636
18,12,1637
18,1,1638
18,10,1639
18,21,1640
18,7,1641
18,15,1642
18,7,1643
18,6,1644
18,1,1645
18,5,1646
18,17,1647
18,6,1648
18,9,1649
18,13,1650
18,13,1651
18,18,1652
18,13,1653
18,3,1654
18,16,1655
18,21,1656
18,21,1657
18,3,1658
18,15,1659
18,8,1660
18,16,1661
18,5,1662
18,1,1663
18,6,1664
18,9,1665
19,16,1666
19,15,1667
19,20,1668
19,16,1669
19,1,1670
19,17,1671
19,22,1672
19,15,1673
19,23,1674
19,4,1675
19,16,1676
19,4,1677
19,20,1678
19,22,1679
19,12,1680
19,9,1681
19,10,1682
19,5,1683
19,21,1684
19,13,1685
19,20,1686
19,17,1687
19,9,1688
19,23,1689
19,8,1690
19,16,1691
19,14,1692
19,13,1693
19,17,1694
19,20,1695
19,21,1696
19,8,1697
19,10,1698
19,17,1699
19,23,1700
19,11,1701
19,9,1702
19,21,1703
19,1,1704
19,7,1705
19,24,1706
19,17,1707
19,10,1708
19,20,1709
19,14,1710
19,22,1711
19,4,1712
19,24,1713
19,3,1714
19,24,1715
19,13,1716
19,22,1717
19,17,1718
19,21,1719
19,21,1720
19,1,1721
19,13,1722
19,11,1723
19,13,1724
19,5,1725
19,6,1726
19,10,1727
19,12,1728
19,16,1729
19,3,1730
19,11,1731
19,2,1732
19,11,1733
19,7,1734
19,3,1735
19,18,1736
19,6,1737
19,19,1738
19,4,1739
19,1,1740
19,8,1741
19,2,1742
19,5,1743
19,8,1744
19,4,1745
19,4,1746
19,20,1747
19,2,1748
20,21,1749
20,16,1750
20,22,1751
20,22,1752
20,5,1753
20,8,1754
20,11,1755
20,10,1756
20,13,1757
20,20,1758
20,22,1759
20,5,1760
20,23,1761
20,8,1762
20,6,1763
20,10,1764
20,14,1765
20,8,1766
20,3,1767
20,20,1768
20,3,1769
20,7,1770
20,21,1771
20,10,1772
20,8,1773
20,2,1774
20,18,1775
20,11,1776
20,5,1777
20,13,1778
20,12,1779
20,2,1780
20,5,1781
20,10,1782
20,23,1783
20,10,1784
20,17,1785
20,9,1786
20,19,1787
20,6,1788
20,5,1789
20,16,1790
20,10,1791
20,4,1792
20,23,1793
20,16,1794
20,13,1795
20,13,1796
20,24,1797
20,15,1798
20,9,1799
20,2,1800
20,22,1801
20,6,1802
20,12,1803
20,5,1804
20,7,1805
20,5,1806
20,16,1807
20,12,1808
20,17,1809
20,4,1810
20,13,1811
20,22,1812
20,13,1813
20,12,1814
20,7,1815
20,6,1816
20,21,1817
20,1,1818
20,12,1819
20,2,1820
20,17,1821
20,22,1822
20,5,1823
20,16,1824
20,13,1825
20,17,1826
20,4,1827
20,13,1828
20,8,1829
20,13,1830
21,14,1831
21,5,1832
21,18,1833
21,1,1834
21,10,1835
21,24,1836
21,5,1837
21,1,1838
21,12,1839
21,22,1840
21,5,1841
21,24,1842
21,20,1843
21,17,1844
21,12,1845
21,2,1846
21,23,1847
21,8,1848
21,3,1849
21,10,1850
21,9,1851
21,19,1852
21,8,1853
21,14,1854
21,10,1855
21,21,1856
21,6,1857
21,14,1858
21,9,1859
21,14,1860
21,2,1861
21,22,1862
21,19,1863
21,20,1864
21,22,1865
21,4,1866
21,19,1867
21,3,1868
21,5,1869
21,6,1870
21,1,1871
21,9,1872
21,6,1873
21,20,1874
21,2,1875
21,17,1876
21,21,1877
21,24,1878
21,1,1879
21,24,1880
21,10,1881
21,10,1882
21,18,1883
21,17,1884
21,23,1885
21,3,1886
21,13,1887
21,5,1888
21,17,1889
21,22,1890
21,18,1891
21,18,1892
21,19,1893
21,12,1894
21,13,1895
21,17,1896
21,16,1897
21,8,1898
21,19,1899
21,21,1900
21,14,1901
21,20,1902
21,5,1903
21,20,1904
21,15,1905
21,7,1906
21,13,1907
21,12,1908
21,6,1909
21,13,1910
21,11,1911
22,16,1912
22,23,1913
22,4,1914
22,9,1915
22,21,1916
22,7,1917
22,21,1918
22,2,1919
22,24,1920
22,19,1921
22,19,1922
22,17,1923
22,13,1924
22,7,1925
22,6,1926
22,5,1927
22,23,1928
22,14,1929
22,24,1930
22,19,1931
22,4,1932
22,19,1933
22,23,1934
22,23,1935
22,9,1936
22,5,1937
22,11,1938
22,21,1939
22,11,1940
22,24,1941
22,7,1942
22,3,1943
22,22,1944
22,11,1945
22,11,1946
22,19,1947
22,18,1948
22,8,1949
22,20,1950
22,17,1951
22,2,1952
22,15,1953
22,10,1954
22,14,1955
22,22,1956
22,15,1957
22,19,1958
22,20,1959
22,5,1960
22,19,1961
22,14,1962
22,8,1963
22,13,1964
22,13,1965
22,6,1966
22,22,1967
22,18,1968
22,17,1969
22,18,1970
22,5,1971
22,16,1972
22,1,1973
22,7,1974
22,14,1975
22,11,1976
22,18,1977
22,9,1978
22,5,1979
22,1,1980
22,4,1981
22,21,1982
22,2,1983
22,19,1984
22,6,1985
22,16,1986
22,16,1987
22,21,1988
22,11,1989
22,12,1990
22,1,1991
23,5,1992
23,1,1993
23,8,1994
23,18,1995
23,14,1996
23,13,1997
23,15,1998
23,7,1999
23,5,2000
23,9,2001
23,11,2002
23,21,2003
23,10,2004
23,18,2005
23,10,2006
23,20,2007
23,11,2008
23,19,2009
23,1,2010
23,11,2011
23,23,2012
23,21,2013
23,13,2014
23,17,2015
23,2,2016
23,5,2017
23,9,2018
23,23,2019
23,15,2020
23,21,2021
23,23,2022
23,20,2023
23,22,2024
23,6,2025
23,13,2026
23,11,2027
23,19,2028
23,4,2029
23,18,2030
23,24,2031
23,12,2032
23,4,2033
23,20,2034
23,22,2035
23,22,2036
23,6,2037
23,17,2038
23,8,2039
23,24,2040
23,17,2041
23,19,2042
23,22,2043
23,14,2044
23,8,2045
23,15,2046
23,16,2047
23,13,2048
23,24,2049
23,14,2050
23,4,2051
23,20,2052
23,12,2053
23,23,2054
23,17,2055
23,18,2056
23,12,2057
23,3,2058
23,12,2059
23,15,2060
23,20,2061
23,11,2062
23,3,2063
23,24,2064
23,7,2065
23,24,2066
23,22,2067
23,13,2068
23,17,2069
23,6,2070
24,13,2071
24,10,2072
24,1,2073
24,11,2074
24,24,2075
24,8,2076
24,1,2077
24,15,2078
24,21,2079
24,1,2080
24,4,2081
24,24,2082
24,20,2083
24,16,2084
24,23,2085
24,12,2086
24,9,2087
24,11,2088
24,15,2089
24,21,2090
24,1,2091
24,11,2092
24,8,2093
24,4,2094
24,11,2095
24,15,2096
24,4,2097
24,8,2098
24,3,2099
24,21,2100
24,13,2101
24,15,2102
24,6,2103
24,13,2104
24,2,2105
24,6,2106
24,21,2107
24,2,2108
24,20,2109
24,17,2110
24,2,2111
24,24,2112
24,17,2113
24,22,2114
24,15,2115
24,16,2116
24,10,2117
24,24,2118
24,2,2119
24,24,2120
24,21,2121
24,3,2122
24,11,2123
24,4,2124
24,7,2125
24,21,2126
24,18,2127
24,10,2128
24,4,2129
24,21,2130
24,7,2131
24,17,2132
24,12,2133
24,12,2134
24,5,2135
24,13,2136
24,17,2137
24,2,2138
24,14,2139
24,13,2140
24,19,2141
24,16,2142
24,12,2143
24,11,2144
24,13,2145
24,3,2146
24,3,2147
24,22,2148
25,3,2149
25,5,2150
25,22,2151
25,23,2152
25,7,2153
25,8,2154
25,2,2155
25,14,2156
25,5,2157
25,20,2158
25,24,2159
25,8,2160
25,17,2161
25,6,2162
25,24,2163
25,4,2164
25,18,2165
25,5,2166
25,16,2167
25,11,2168
25,6,2169
25,6,2170
25,23,2171
25,24,2172
25,22,2173
25,11,2174
25,11,2175
25,10,2176
25,13,2177
25,13,2178
25,8,2179
25,16,2180
25,18,2181
25,6,2182
25,14,2183
25,1,2184
25,14,2185
25,16,2186
25,14,2187
25,18,2188
25,12,2189
25,13,2190
25,1,2191
25,4,2192
25,18,2193
25,1,2194
25,7,2195
25,11,2196
25,6,2197
25,22,2198
25,21,2199
25,11,2200
25,4,2201
25,20,2202
25,11,2203
25,1,2204
25,6,2205
25,21,2206
25,11,2207
25,19,2208
25,10,2209
25,18,2210
25,10,2211
25,3,2212
25,24,2213
25,23,2214
25,4,2215
25,13,2216
25,15,2217
25,17,2218
25,7,2219
25,2,2220
25,6,2221
25,7,2222
25,5,2223
25,23,2224
25,8,2225
26,12,2226
26,10,2227
26,13,2228
26,9,2229
26,7,2230
26,24,2231
26,12,2232
26,3,2233
26,10,2234
26,12,2235
26,8,2236
26,7,2237
26,22,2238
26,3,2239
26,16,2240
26,16,2241
26,12,2242
26,19,2243
26,16,2244
26,11,2245
26,22,2246
26,5,2247
26,2,2248
26,15,2249
26,11,2250
26,3,2251
26,20,2252
26,18,2253
26,8,2254
26,19,2255
26,1,2256
26,19,2257
26,4,2258
26,14,2259
26,4,2260
26,11,2261
26,13,2262
26,16,2263
26,13,2264
26,22,2265
26,4,2266
26,21,2267
26,5,2268
26,1,2269
26,24,2270
26,20,2271
26,17,2272
26,12,2273
26,15,2274
26,9,2275
26,22,2276
26,13,2277
26,13,2278
26,24,2279
26,3,2280
26,23,2281
26,2,2282
26,22,2283
26,16,2284
26,10,2285
26,16,2286
26,16,2287
26,4,2288
26,20,2289
26,6,2290
26,8,2291
26,7,2292
26,18,2293
26,23,2294
26,20,2295
26,16,2296
26,2,2297
26,17,2298
26,20,2299
26,3,2300
26,16,2301
27,16,2302
27,20,2303
27,3,2304
27,6,2305
27,4,2306
27,1,2307
27,18,2308
27,16,2309
27,24,2310
27,21,2311
27,14,2312
27,2,2313
27,18,2314
27,6,2315
27,11,2316
27,9,2317
27,21,2318
27,15,2319
27,5,2320
27,3,2321
27,22,2322
27,11,2323
27,21,2324
27,20,2325
27,6,2326
27,12,2327
27,22,2328
27,22,2329
27,8,2330
27,24,2331
27,13,2332
27,24,2333
27,19,2334
27,16,2335
27,5,2336
27,23,2337
27,16,2338
27,23,2339
27,14,2340
27,15,2341
27,19,2342
27,4,2343
27,16,2344
27,13,2345
27,9,2346
27,2,2347
27,22,2348
27,6,2349
27,17,2350
27,2,2351
27,8,2352
27,14,2353
27,13,2354
27,4,2355
27,10,2356
27,18,2357
27,16,2358
27,8,2359
27,16,2360
27,24,2361
27,7,2362
27,5,2363
27,23,2364
27,2,2365
27,20,2366
27,4,2367
27,1,2368
27,12,2369
27,2,2370
27,15,2371
27,2,2372
27,21,2373
27,18,2374
27,17,2375
27,9,2376
28,3,2377
28,19,2378
28,7,2379
28,9,2380
28,11,2381
28,8,2382
28,16,2383
28,1,2384
28,20,2385
28,20,2386
28,11,2387
28,14,2388
28,12,2389
28,18,2390
28,6,2391
28,11,2392
28,24,2393
28,11,2394
28,9,2395
28,2,2396
28,7,2397
28,12,2398
28,2,2399
28,18,2400
28,14,2401
28,16,2402
28,19,2403
28,11,2404
28,10,2405
28,12,2406
28,20,2407
28,13,2408
28,7,2409
28,2,2410
28,21,2411
28,17,2412
28,9,2413
28,12,2414
28,18,2415
28,5,2416
28,8,2417
28,4,2418
28,19,2419
28,20,2420
28,21,2421
28,24,2422
28,6,2423
28,21,2424
28,11,2425
28,14,2426
28,22,2427
28,17,2428
28,2,2429
28,24,2430
28,10,2431
28,16,2432
28,16,2433
28,5,2434
28,2,2435
28,1,2436
28,17,2437
28,21,2438
28,13,2439
28,23,2440
28,22,2441
28,10,2442
28,15,2443
28,7,2444
28,22,2445
28,9,2446
28,12,2447
28,5,2448
28,12,2449
28,6,2450
29,24,2451
29,8,2452
29,6,2453
29,6,2454
29,5,2455
29,16,2456
29,20,2457
29,2,2458
29,8,2459
29,21,2460
29,2,2461
29,18,2462
29,12,2463
29,17,2464
29,22,2465
29,13,2466
29,18,2467
29,14,2468
29,10,2469
29,7,2470
29,13,2471
29,7,2472
29,16,2473
29,3,2474
29,14,2475
29,13,2476
29,12,2477
29,1,2478
29,18,2479
29,23,2480
29,6,2481
29,18,2482
29,7,2483
29,12,2484
29,23,2485
29,11,2486
29,3,2487
29,18,2488
29,13,2489
29,11,2490
29,15,2491
29,14,2492
29,4,2493
29,2,2494
29,7,2495
29,2,2496
29,15,2497
29,1,2498
29,16,2499
29,24,2500
29,8,2501
29,4,2502
29,7,2503
29,24,2504
29,7,2505
29,21,2506
29,13,2507
29,18,2508
29,21,2509
29,6,2510
29,16,2511
29,3,2512
29,24,2513
29,23,2514
29,14,2515
29,22,2516
29,9,2517
29,17,2518
29,16,2519
29,21,2520
29,3,2521
29,6,2522
29,11,2523
30,7,2524
30,8,2525
30,17,2526
30,9,2527
30,22,2528
30,18,2529
30,24,2530
30,22,2531
30,1,2532
30,3,2533
30,5,2534
30,24,2535
30,10,2536
30,1,2537
30,13,2538
30,3,2539
30,22,2540
30,19,2541
30,19,2542
30,24,2543
30,18,2544
30,18,2545
30,14,2546
30,15,2547
30,2,2548
30,6,2549
30,6,2550
30,23,2551
30,9,2552
30,12,2553
30,9,2554
30,16,2555
30,19,2556
30,2,2557
30,24,2558
30,17,2559
30,19,2560
30,23,2561
30,14,2562
30,20,2563
30,2,2564
30,19,2565
30,20,2566
30,12,2567
30,20,2568
30,8,2569
30,14,2570
30,17,2571
30,2,2572
30,9,2573
30,17,2574
30,20,2575
30,2,2576
30,6,2577
30,10,2578
30,4,2579
30,12,2580
30,16,2581
30,2,2582
30,21,2583
30,4,2584
30,10,2585
30,12,2586
30,22,2587
30,12,2588
30,11,2589
30,14,2590
30,6,2591
30,10,2592
30,4,2593
30,2,2594
30,12,2595
31,23,2596
31,21,2597
31,23,2598
31,18,2599
31,5,2600
31,13,2601
31,11,2602
31,7,2603
31,21,2604
31,3,2605
31,2,2606
31,23,2607
31,9,2608
31,12,2609
31,2,2610
31,21,2611
31,3,2612
31,3,2613
31,17,2614
31,6,2615
31,13,2616
31,5,2617
31,4,2618
31,24,2619
31,15,2620
31,17,2621
31,6,2622
31,1,2623
31,21,2624
31,8,2625
31,12,2626
31,19,2627
31,4,2628
31,10,2629
31,12,2630
31,9,2631
31,22,2632
31,23,2633
31,15,2634
31,19,2635
31,1,2636
31,16,2637
31,17,2638
31,9,2639
31,3,2640
31,19,2641
31,5,2642
31,6,2643
31,21,2644
31,22,2645
31,12,2646
31,10,2647
31,2,2648
31,15,2649
31,10,2650
31,17,2651
31,8,2652
31,15,2653
31,17,2654
31,5,2655
31,23,2656
31,5,2657
31,23,2658
31,2,2659
31,14,2660
31,11,2661
31,11,2662
31,12,2663
31,9,2664
31,1,2665
31,7,2666
32,10,2667
32,17,2668
32,23,2669
32,18,2670
32,19,2671
32,17,2672
32,23,2673
32,1,2674
32,14,2675
32,20,2676
32,12,2677
32,24,2678
32,22,2679
32,3,2680
32,9,2681
32,14,2682
32,11,2683
32,24,2684
32,6,2685
32,15,2686
32,22,2687
32,10,2688
32,14,2689
32,24,2690
32,24,2691
32,24,2692
32,10,2693
32,12,2694
32,9,2695
32,11,2696
32,18,2697
32,18,2698
32,3,2699
32,17,2700
32,12,2701
32,22,2702
32,10,2703
32,11,2704
32,22,2705
32,23,2706
32,6,2707
32,10,2708
32,23,2709
32,3,2710
32,13,2711
32,7,2712
32,17,2713
32,23,2714
32,7,2715
32,23,2716
32,14,2717
32,5,2718
32,8,2719
32,3,2720
32,4,2721
32,8,2722
32,3,2723
32,14,2724
32,19,2725
32,11,2726
32,24,2727
32,13,2728
32,5,2729
32,2,2730
32,5,2731
32,16,2732
32,23,2733
32,14,2734
32,2,2735
32,21,2736
33,13,2737
33,8,2738
33,6,2739
33,11,2740
33,11,2741
33,18,2742
33,18,2743
33,3,2744
33,17,2745
33,24,2746
33,2,2747
33,6,2748
33,4,2749
33,9,2750
33,8,2751
33,8,2752
33,17,2753
33,11,2754
33,21,2755
33,12,2756
33,21,2757
33,20,2758
33,24,2759
33,2,2760
33,22,2761
33,5,2762
33,17,2763
33,21,2764
33,18,2765
33,19,2766
33,17,2767
33,6,2768
33,3,2769
33,22,2770
33,17,2771
33,14,2772
33,16,2773
33,10,2774
33,17,2775
33,9,2776
33,10,2777
33,18,2778
33,14,2779
33,14,2780
33,3,2781
33,22,2782
33,22,2783
33,19,2784
33,8,2785
33,18,2786
33,7,2787
33,5,2788
33,14,2789
33,7,2790
33,6,2791
33,12,2792
33,11,2793
33,23,2794
33,8,2795
33,5,2796
33,18,2797
33,24,2798
33,11,2799
33,21,2800
33,22,2801
33,3,2802
33,10,2803
33,14,2804
33,13,2805
34,2,2806
34,22,2807
34,22,2808
34,20,2809
34,12,2810
34,12,2811
34,22,2812
34,9,2813
34,9,2814
34,17,2815
34,17,2816
34,3,2817
34,23,2818
34,22,2819
34,16,2820
34,6,2821
34,4,2822
34,4,2823
34,16,2824
34,3,2825
34,11,2826
34,20,2827
34,20,2828
34,10,2829
34,7,2830
34,17,2831
34,8,2832
34,9,2833
34,2,2834
34,21,2835
34,21,2836
34,4,2837
34,18,2838
34,19,2839
34,23,2840
34,6,2841
34,7,2842
34,21,2843
34,15,2844
34,15,2845
34,14,2846
34,8,2847
34,18,2848
34,13,2849
34,5,2850
34,10,2851
34,18,2852
34,8,2853
34,13,2854
34,9,2855
34,10,2856
34,23,2857
34,5,2858
34,6,2859
34,9,2860
34,11,2861
34,22,2862
34,16,2863
34,20,2864
34,24,2865
34,13,2866
34,17,2867
34,3,2868
34,7,2869
34,12,2870
34,2,2871
34,12,2872
34,18,2873
35,23,2874
35,2,2875
35,9,2876
35,12,2877
35,9,2878
35,2,2879
35,24,2880
35,14,2881
35,11,2882
35,17,2883
35,22,2884
35,24,2885
35,2,2886
35,7,2887
35,22,2888
35,7,2889
35,13,2890
35,7,2891
35,18,2892
35,11,2893
35,23,2894
35,14,2895
35,10,2896
35,11,2897
35,6,2898
35,13,2899
35,17,2900
35,17,2901
35,15,2902
35,5,2903
35,11,2904
35,14,2905
35,6,2906
35,20,2907
35,1,2908
35,15,2909
35,22,2910
35,1,2911
35,4,2912
35,9,2913
35,18,2914
35,1,2915
35,8,2916
35,20,2917
35,8,2918
35,6,2919
35,3,2920
35,21,2921
35,12,2922
35,20,2923
35,7,2924
35,10,2925
35,9,2926
35,17,2927
35,20,2928
35,15,2929
35,6,2930
35,13,2931
35,8,2932
35,21,2933
35,17,2934
35,18,2935
35,10,2936
35,23,2937
35,14,2938
35,11,2939
35,14,2940
36,11,2941
36,11,2942
36,18,2943
36,19,2944
36,5,2945
36,19,2946
36,2,2947
36,24,2948
36,3,2949
36,7,2950
36,3,2951
36,23,2952
36,19,2953
36,22,2954
36,6,2955
36,4,2956
36,7,2957
36,23,2958
36,24,2959
36,21,2960
36,5,2961
36,12,2962
36,4,2963
36,1,2964
36,5,2965
36,22,2966
36,10,2967
36,4,2968
36,11,2969
36,21,2970
36,17,2971
36,22,2972
36,8,2973
36,11,2974
36,16,2975
36,12,2976
36,5,2977
36,18,2978
36,12,2979
36,7,2980
36,1,2981
36,14,2982
36,6,2983
36,19,2984
36,12,2985
36,12,2986
36,23,2987
36,19,2988
36,10,2989
36,22,2990
36,16,2991
36,14,2992
36,10,2993
36,20,2994
36,15,2995
36,15,2996
36,17,2997
36,1,2998
36,18,2999
36,4,3000
36,21,3001
36,11,3002
36,1,3003
36,4,3004
36,22,3005
36,17,3006
37,16,3007
37,2,3008
37,11,3009
37,4,3010
37,9,3011
37,11,3012
37,17,3013
37,14,3014
37,6,3015
37,5,3016
37,1,3017
37,5,3018
37,23,3019
37,11,3020
37,3,3021
37,14,3022
37,24,3023
37,12,3024
37,9,3025
37,15,3026
37,3,3027
37,2,3028
37,15,3029
37,21,3030
37,5,3031
37,11,3032
37,7,3033
37,6,3034
37,15,3035
37,4,3036
37,23,3037
37,6,3038
37,6,3039
37,9,3040
37,9,3041
37,14,3042
37,20,3043
37,2,3044
37,4,3045
37,2,3046
37,6,3047
37,4,3048
37,6,3049
37,5,3050
37,15,3051
37,9,3052
37,18,3053
37,15,3054
37,21,3055
37,3,3056
37,5,3057
37,23,3058
37,4,3059
37,19,3060
37,19,3061
37,9,3062
37,5,3063
37,2,3064
37,15,3065
37,20,3066
37,6,3067
37,13,3068
37,1,3069
37,11,3070
37,21,3071
38,10,3072
38,1,3073
38,17,3074
38,11,3075
38,4,3076
38,18,3077
38,17,3078
38,8,3079
38,24,3080
38,21,3081
38,22,3082
38,8,3083
38,15,3084
38,13,3085
38,4,3086
38,17,3087
38,17,3088
38,3,3089
38,21,3090
38,11,3091
38,21,3092
38,6,3093
38,16,3094
38,23,3095
38,20,3096
38,11,3097
38,4,3098
38,8,3099
38,12,3100
38,15,3101
38,5,3102
38,21,3103
38,15,3104
38,21,3105
38,8,3106
38,19,3107
38,14,3108
38,24,3109
38,3,3110
38,13,3111
38,21,3112
38,1,3113
38,21,3114
38,11,3115
38,13,3116
38,24,3117
38,4,3118
38,5,3119
38,2,3120
38,1,3121
38,16,3122
38,23,3123
38,6,3124
38,7,3125
38,21,3126
38,1,3127
38,18,3128
38,24,3129
38,8,3130
38,5,3131
38,14,3132
38,12,3133
38,2,3134
38,5,3135
39,8,3136
39,9,3137
39,24,3138
39,22,3139
39,9,3140
39,2,3141
39,11,3142
39,5,3143
39,2,3144
39,7,3145
39,16,3146
39,14,3147
39,6,3148
39,20,3149
39,19,3150
39,8,3151
39,20,3152
39,10,3153
39,6,3154
39,1,3155
39,17,3156
39,2,3157
39,1,3158
39,10,3159
39,2,3160
39,9,3161
39,14,3162
39,16,3163
39,21,3164
39,16,3165
39,21,3166
39,5,3167
39,24,3168
39,20,3169
39,2,3170
39,9,3171
39,21,3172
39,12,3173
39,14,3174
39,23,3175
39,19,3176
39,6,3177
39,13,3178
39,24,3179
39,1,3180
39,7,3181
39,8,3182
39,21,3183
39,16,3184
39,13,3185
39,21,3186
39,8,3187
39,15,3188
39,22,3189
39,18,3190
39,17,3191
39,7,3192
39,8,3193
39,8,3194
39,3,3195
39,23,3196
39,5,3197
39,8,3198
40,23,3199
40,24,3200
40,9,3201
40,7,3202
40,21,3203
40,21,3204
40,21,3205
40,19,3206
40,15,3207
40,2,3208
40,8,3209
40,15,3210
40,3,3211
40,14,3212
40,22,3213
40,23,3214
40,6,3215
40,11,3216
40,20,3217
40,14,3218
40,2,3219
40,18,3220
40,7,3221
40,18,3222
40,24,3223
40,14,3224
40,2,3225
40,3,3226
40,13,3227
40,6,3228
40,10,3229
40,11,3230
40,6,3231
40,19,3232
40,18,3233
40,2,3234
40,16,3235
40,14,3236
40,21,3237
40,7,3238
40,15,3239
40,4,3240
40,21,3241
40,17,3242
40,17,3243
40,19,3244
40,16,3245
40,23,3246
40,5,3247
40,11,3248
40,12,3249
40,7,3250
40,5,3251
40,18,3252
40,24,3253
40,4,3254
40,8,3255
40,2,3256
40,7,3257
40,20,3258
40,8,3259
40,17,3260
41,7,3261
41,13,3262
41,11,3263
41,24,3264
41,14,3265
41,2,3266
41,13,3267
41,11,3268
41,8,3269
41,4,3270
41,15,3271
41,5,3272
41,21,3273
41,7,3274
41,23,3275
41,12,3276
41,6,3277
41,4,3278
41,23,3279
41,17,3280
41,11,3281
41,3,3282
41,11,3283
41,10,3284
41,7,3285
41,19,3286
41,12,3287
41,14,3288
41,15,3289
41,19,3290
41,6,3291
41,21,3292
41,7,3293
41,16,3294
41,20,3295
41,21,3296
41,18,3297
41,9,3298
41,8,3299
41,2,3300
41,13,3301
41,22,3302
41,7,3303
41,9,3304
41,5,3305
41,6,3306
41,21,3307
41,10,3308
41,9,3309
41,20,3310
41,3,3311
41,19,3312
41,23,3313
41,14,3314
41,5,3315
41,6,3316
41,8,3317
41,17,3318
41,19,3319
41,22,3320
41,11,3321
42,24,3322
42,19,3323
42,18,3324
42,15,3325
42,14,3326
42,15,3327
42,9,3328
42,23,3329
42,22,3330
42,11,3331
42,11,3332
42,19,3333
42,17,3334
42,19,3335
42,23,3336
42,22,3337
42,16,3338
42,9,3339
42,7,3340
42,11,3341
42,11,3342
42,2,3343
42,10,3344
42,24,3345
42,7,3346
42,15,3347
42,8,3348
42,23,3349
42,9,3350
42,5,3351
42,9,3352
42,8,3353
42,23,3354
42,3,3355
42,23,3356
42,13,3357
42,17,3358
42,8,3359
42,12,3360
42,14,3361
42,18,3362
42,22,3363
42,8,3364
42,10,3365
42,17,3366
42,7,3367
42,8,3368
42,9,3369
42,15,3370
42,14,3371
42,19,3372
42,1,3373
42,15,3374
42,5,3375
42,1,3376
42,21,3377
42,19,3378
42,8,3379
42,20,3380
42,4,3381
43,13,3382
43,4,3383
43,11,3384
43,12,3385
43,6,3386
43,10,3387
43,24,3388
43,23,3389
43,17,3390
43,12,3391
43,12,3392
43,11,3393
43,9,3394
43,20,3395
43,21,3396
43,2,3397
43,2,3398
43,4,3399
43,10,3400
43,16,3401
43,17,3402
43,5,3403
43,17,3404
43,8,3405
43,9,3406
43,18,3407
43,5,3408
43,3,3409
43,1,3410
43,24,3411
43,6,3412
43,13,3413
43,4,3414
43,17,3415
43,24,3416
43,10,3417
43,3,3418
43,24,3419
43,8,3420
43,20,3421
43,11,3422
43,19,3423
43,6,3424
43,20,3425
43,14,3426
43,2,3427
43,21,3428
43,16,3429
43,6,3430
43,6,3431
43,7,3432
43,22,3433
43,10,3434
43,24,3435
43,6,3436
43,18,3437
43,17,3438
43,11,3439
43,21,3440
44,18,3441
44,10,3442
44,3,3443
44,6,3444
44,14,3445
44,20,3446
44,6,3447
44,23,3448
44,22,3449
44,6,3450
44,7,3451
44,18,3452
44,17,3453
44,2,3454
44,23,3455
44,12,3456
44,15,3457
44,1,3458
44,8,3459
44,6,3460
44,6,3461
44,13,3462
44,13,3463
44,4,3464
44,23,3465
44,13,3466
44,10,3467
44,16,3468
44,6,3469
44,20,3470
44,13,3471
44,23,3472
44,6,3473
44,15,3474
44,5,3475
44,19,3476
44,10,3477
44,11,3478
44,18,3479
44,8,3480
44,16,3481
44,24,3482
44,1,3483
44,8,3484
44,1,3485
44,24,3486
44,19,3487
44,16,3488
44,24,3489
44,3,3490
44,22,3491
44,6,3492
44,16,3493
44,11,3494
44,9,3495
44,14,3496
44,23,3497
44,19,3498
45,6,3499
45,5,3500
45,14,3501
45,18,3502
45,3,3503
45,19,3504
45,9,3505
45,8,3506
45,13,3507
45,19,3508
45,18,3509
45,6,3510
45,3,3511
45,10,3512
45,6,3513
45,3,3514
45,17,3515
45,6,3516
45,3,3517
45,12,3518
45,21,3519
45,2,3520
45,15,3521
45,18,3522
45,8,3523
45,6,3524
45,4,3525
45,17,3526
45,20,3527
45,3,3528
45,11,3529
45,2,3530
45,7,3531
45,24,3532
45,20,3533
45,10,3534
45,18,3535
45,4,3536
45,17,3537
45,7,3538
45,23,3539
45,10,3540
45,13,3541
45,1,3542
45,19,3543
45,18,3544
45,4,3545
45,12,3546
45,24,3547
45,6,3548
45,24,3549
45,20,3550
45,8,3551
45,14,3552
45,14,3553
45,15,3554
45,19,3555
46,18,3556
46,7,3557
46,15,3558
46,20,3559
46,17,3560
46,16,3561
46,2,3562
46,17,3563
46,11,3564
46,11,3565
46,11,3566
46,15,3567
46,4,3568
46,18,3569
46,13,3570
46,13,3571
46,6,3572
46,14,3573
46,8,3574
46,24,3575
46,18,3576
46,19,3577
46,23,3578
46,23,3579
46,18,3580
46,19,3581
46,7,3582
46,7,3583
46,9,3584
46,21,3585
46,2,3586
46,2,3587
46,4,3588
46,17,3589
46,21,3590
46,21,3591
46,8,3592
46,23,3593
46,13,3594
46,19,3595
46,10,3596
46,24,3597
46,10,3598
46,13,3599
46,17,3600
46,23,3601
46,2,3602
46,23,3603
46,12,3604
46,9,3605
46,22,3606
46,5,3607
46,4,3608
46,21,3609
46,4,3610
46,22,3611
47,15,3612
47,10,3613
47,5,3614
47,23,3615
47,7,3616
47,7,3617
47,1,3618
47,10,3619
47,23,3620
47,21,3621
47,7,3622
47,7,3623
47,20,3624
47,20,3625
47,1,3626
47,6,3627
47,19,3628
47,11,3629
47,18,3630
47,12,3631
47,9,3632
47,20,3633
47,10,3634
47,21,3635
47,4,3636
47,7,3637
47,1,3638
47,8,3639
47,4,3640
47,5,3641
47,5,3642
47,18,3643
47,14,3644
47,9,3645
47,17,3646
47,20,3647
47,15,3648
47,17,3649
47,6,3650
47,14,3651
47,14,3652
47,13,3653
47,20,3654
47,10,3655
47,9,3656
47,21,3657
47,15,3658
47,3,3659
47,7,3660
47,9,3661
47,15,3662
47,16,3663
47,4,3664
47,24,3665
47,12,3666
48,8,3667
48,7,3668
48,12,3669
48,15,3670
48,10,3671
48,17,3672
48,20,3673
48,4,3674
48,6,3675
48,5,3676
48,20,3677
48,2,3678
48,20,3679
48,13,3680
48,8,3681
48,9,3682
48,3,3683
48,21,3684
48,4,3685
48,12,3686
48,5,3687
48,1,3688
48,3,3689
48,8,3690
48,8,3691
48,11,3692
48,22,3693
48,23,3694
48,14,3695
48,21,3696
48,10,3697
48,21,3698
48,3,3699
48,22,3700
48,12,3701
48,13,3702
48,14,3703
48,7,3704
48,16,3705
48,20,3706
48,12,3707
48,12,3708
48,21,3709
48,7,3710
48,24,3711
48,5,3712
48,15,3713
48,3,3714
48,1,3715
48,19,3716
48,15,3717
48,5,3718
48,19,3719
48,17,3720
49,13,3721
49,2,3722
49,3,3723
49,10,3724
49,1,3725
49,17,3726
49,6,3727
49,10,3728
49,14,3729
49,9,3730
49,7,3731
49,1,3732
49,21,3733
49,21,3734
49,8,3735
49,13,3736
49,16,3737
49,19,3738
49,24,3739
49,13,3740
49,2,3741
49,24,3742
49,18,3743
49,16,3744
49,2,3745
49,18,3746
49,10,3747
49,17,3748
49,23,3749
49,5,3750
49,9,3751
49,11,3752
49,7,3753
49,12,3754
49,21,3755
49,7,3756
49,5,3757
49,3,3758
49,17,3759
49,18,3760
49,11,3761
49,24,3762
49,19,3763
49,8,3764
49,20,3765
49,3,3766
49,20,3767
49,12,3768
49,22,3769
49,20,3770
49,24,3771
49,23,3772
49,19,3773
50,17,3774
50,14,3775
50,21,3776
50,11,3777
50,24,3778
50,13,3779
50,10,3780
50,4,3781
50,21,3782
50,21,3783
50,11,3784
50,9,3785
50,17,3786
50,18,3787
50,13,3788
50,19,3789
50,10,3790
50,7,3791
50,6,3792
50,9,3793
50,1,3794
50,14,3795
50,5,3796
50,3,3797
50,10,3798
50,16,3799
50,1,3800
50,5,3801
50,16,3802
50,23,3803
50,23,3804
50,9,3805
50,13,3806
50,20,3807
50,19,3808
50,12,3809
50,8,3810
50,5,3811
50,16,3812
50,5,3813
50,1,3814
50,2,3815
50,13,3816
50,18,3817
50,20,3818
50,2,3819
50,12,3820
50,5,3821
50,8,3822
50,18,3823
50,14,3824
50,8,3825
51,8,3826
51,19,3827
51,11,3828
51,17,3829
51,10,3830
51,11,3831
51,21,3832
51,2,3833
51,10,3834
51,20,3835
51,10,3836
51,22,3837
51,15,3838
51,4,3839
51,9,3840
51,23,3841
51,9,3842
51,1,3843
51,3,3844
51,9,3845
51,3,3846
51,16,3847
51,2,3848
51,22,3849
51,18,3850
51,14,3851
51,3,3852
51,1,3853
51,8,3854
51,16,3855
51,9,3856
51,15,3857
51,10,3858
51,20,3859
51,7,3860
51,20,3861
51,7,3862
51,4,3863
51,21,3864
51,16,3865
51,24,3866
51,6,3867
51,13,3868
51,15,3869
51,10,3870
51,22,3871
51,13,3872
51,18,3873
51,22,3874
51,16,3875
51,3,3876
52,24,3877
52,7,3878
52,4,3879
52,22,3880
52,24,3881
52,18,3882
52,24,3883
52,1,3884
52,2,3885
52,15,3886
52,10,3887
52,16,3888
52,1,3889
52,5,3890
52,23,3891
52,20,3892
52,12,3893
52,2,3894
52,16,3895
52,3,3896
52,2,3897
52,22,3898
52,16,3899
52,16,3900
52,7,3901
52,13,3902
52,4,3903
52,1,3904
52,11,3905
52,20,3906
52,3,3907
52,11,3908
52,2,3909
52,7,3910
52,8,3911
52,2,3912
52,24,3913
52,7,3914
52,3,3915
52,2,3916
52,22,3917
52,12,3918
52,17,3919
52,22,3920
52,17,3921
52,16,3922
52,18,3923
52,4,3924
52,17,3925
52,10,3926
52,7,3927
52,19,3928
52,7,3929
52,22,3930
52,10,3931
52,13,3932
52,11,3933
52,14,3934
52,14,3935
52,21,3936
52,9,3937
52,16,3938
52,8,3939
52,11,3940
52,22,3941
52,15,3942
52,13,3943
52,22,3944
52,22,3945
52,16,3946
52,23,3947
52,20,3948
52,3,3949
52,16,3950
52,17,3951
52,20,3952
52,7,3953
52,11,3954
52,24,3955
52,24,3956
52,20,3957
52,6,3958
52,18,3959
52,2,3960
52,4,3961
52,4,3962
52,15,3963
52,14,3964
52,18,3965
52,4,3966
52,11,3967
52,3,3968
52,19,3969
52,18,3970
52,14,3971
52,17,3972
52,9,3973
52,2,3974
52,14,3975
52,7,3976
52,17,3977
53,13,3978
53,2,3979
53,20,3980
53,4,3981
53,18,3982
53,16,3983
53,10,3984
53,4,3985
53,15,3986
53,9,3987
53,24,3988
53,21,3989
53,3,3990
53,1,3991
53,24,3992
53,6,3993
53,16,3994
53,13,3995
53,23,3996
53,19,3997
53,24,3998
53,1,3999
53,14,4000
53,17,4001
53,14,4002
53,6,4003
53,2,4004
53,16,4005
53,19,4006
53,8,4007
53,9,4008
53,7,4009
53,9,4010
53,5,4011
53,11,4012
53,3,4013
53,20,4014
53,20,4015
53,7,4016
53,10,4017
53,4,4018
53,6,4019
53,6,4020
53,7,4021
53,7,4022
53,6,4023
53,12,4024
53,22,4025
53,18,4026
53,11,4027
53,16,4028
53,18,4029
53,11,4030
53,5,4031
53,11,4032
53,1,4033
53,11,4034
53,12,4035
53,17,4036
53,5,4037
53,19,4038
53,1,4039
53,12,4040
53,4,4041
53,5,4042
53,22,4043
53,6,4044
53,24,4045
53,18,4046
53,12,4047
53,10,4048
53,22,4049
53,18,4050
53,16,4051
53,4,4052
53,24,4053
53,22,4054
53,15,4055
53,21,4056
53,15,4057
53,1,4058
53,13,4059
53,9,4060
53,12,4061
53,18,4062
53,19,4063
53,13,4064
53,4,4065
53,6,4066
53,5,4067
53,9,4068
53,1,4069
53,5,4070
53,20,4071
53,4,4072
53,10,4073
53,18,4074
53,10,4075
53,10,4076
53,11,4077
54,22,4078
54,20,4079
54,9,4080
54,15,4081
54,12,4082
54,12,4083
54,15,4084
54,9,4085
54,2,4086
54,11,4087
54,24,4088
54,3,4089
54,24,4090
54,8,4091
54,15,4092
54,17,4093
54,2,4094
54,3,4095
54,21,4096
54,8,4097
54,8,4098
54,5,4099
54,8,4100
54,13,4101
54,1,4102
54,12,4103
54,22,4104
54,19,4105
54,21,4106
54,8,4107
54,5,4108
54,18,4109
54,3,4110
54,13,4111
54,9,4112
54,14,4113
54,1,4114
54,23,4115
54,22,4116
54,3,4117
54,10,4118
54,22,4119
54,5,4120
54,9,4121
54,5,4122
54,20,4123
54,2,4124
54,7,4125
54,22,4126
54,22,4127
54,14,4128
54,5,4129
54,2,4130
54,21,4131
54,17,4132
54,3,4133
54,8,4134
54,15,4135
54,21,4136
54,5,4137
54,22,4138
54,2,4139
54,22,4140
54,24,4141
54,15,4142
54,6,4143
54,14,4144
54,15,4145
54,5,4146
54,12,4147
54,17,4148
54,14,4149
54,9,4150
54,22,4151
54,23,4152
54,14,4153
54,17,4154
54,24,4155
54,20,4156
54,15,4157
54,22,4158
54,10,4159
54,20,4160
54,24,4161
54,6,4162
54,13,4163
54,2,4164
54,14,4165
54,3,4166
54,22,4167
54,18,4168
54,1,4169
54,24,4170
54,16,4171
54,1,4172
54,14,4173
54,22,4174
54,14,4175
54,4,4176
55,2,4177
55,2,4178
55,20,4179
55,16,4180
55,11,4181
55,18,4182
55,14,4183
55,24,4184
55,10,4185
55,14,4186
55,20,4187
55,1,4188
55,11,4189
55,5,4190
55,20,4191
55,11,4192
55,11,4193
55,8,4194
55,13,4195
55,1,4196
55,11,4197
55,11,4198
55,18,4199
55,11,4200
55,10,4201
55,10,4202
55,11,4203
55,23,4204
55,7,4205
55,1,4206
55,3,4207
55,8,4208
55,2,4209
55,23,4210
55,23,4211
55,12,4212
55,16,4213
55,13,4214
55,12,4215
55,2,4216
55,2,4217
55,8,4218
55,2,4219
55,13,4220
55,12,4221
55,21,4222
55,24,4223
55,23,4224
55,5,4225
55,12,4226
55,23,4227
55,15,4228
55,22,4229
55,17,4230
55,1,4231
55,7,4232
55,2,4233
55,12,4234
55,6,4235
55,9,4236
55,12,4237
55,8,4238
55,17,4239
55,14,4240
55,6,4241
55,15,4242
55,2,4243
55,21,4244
55,4,4245
55,13,4246
55,22,4247
55,5,4248
55,20,4249
55,24,4250
55,18,4251
55,8,4252
55,20,4253
55,17,4254
55,7,4255
55,24,4256
55,5,4257
55,5,4258
55,14,4259
55,2,4260
55,22,4261
55,15,4262
55,9,4263
55,23,4264
55,2,4265
55,14,4266
55,7,4267
55,14,4268
55,21,4269
55,23,4270
55,3,4271
55,3,4272
55,14,4273
55,4,4274
56,24,4275
56,18,4276
56,17,4277
56,21,4278
56,23,4279
56,13,4280
56,21,4281
56,16,4282
56,21,4283
56,16,4284
56,9,4285
56,3,4286
56,16,4287
56,13,4288
56,8,4289
56,6,4290
56,14,4291
56,5,4292
56,20,4293
56,23,4294
56,4,4295
56,22,4296
56,12,4297
56,11,4298
56,12,4299
56,9,4300
56,10,4301
56,14,4302
56,11,4303
56,23,4304
56,18,4305
56,10,4306
56,17,4307
56,11,4308
56,7,4309
56,15,4310
56,24,4311
56,3,4312
56,6,4313
56,20,4314
56,19,4315
56,15,4316
56,23,4317
56,10,4318
56,3,4319
56,6,4320
56,16,4321
56,17,4322
56,11,4323
56,11,4324
56,15,4325
56,14,4326
56,9,4327
56,3,4328
56,24,4329
56,20,4330
56,11,4331
56,9,4332
56,10,4333
56,22,4334
56,8,4335
56,4,4336
56,8,4337
56,24,4338
56,14,4339
56,14,4340
56,14,4341
56,14,4342
56,17,4343
56,20,4344
56,9,4345
56,12,4346
56,10,4347
56,8,4348
56,22,4349
56,13,4350
56,14,4351
56,13,4352
56,6,4353
56,24,4354
56,24,4355
56,20,4356
56,13,4357
56,8,4358
56,23,4359
56,13,4360
56,4,4361
56,9,4362
56,21,4363
56,13,4364
56,7,4365
56,5,4366
56,17,4367
56,14,4368
56,5,4369
56,6,4370
56,4,4371
57,19,4372
57,20,4373
57,21,4374
57,14,4375
57,4,4376
57,8,4377
57,24,4378
57,12,4379
57,5,4380
57,13,4381
57,1,4382
57,18,4383
57,18,4384
57,24,4385
57,17,4386
57,14,4387
57,13,4388
57,1,4389
57,12,4390
57,1,4391
57,4,4392
57,20,4393
57,22,4394
57,17,4395
57,3,4396
57,3,4397
57,9,4398
57,16,4399
57,7,4400
57,15,4401
57,19,4402
57,2,4403
57,10,4404
57,16,4405
57,15,4406
57,14,4407
57,23,4408
57,15,4409
57,1,4410
57,4,4411
57,3,4412
57,2,4413
57,21,4414
57,20,4415
57,2,4416
57,14,4417
57,9,4418
57,14,4419
57,14,4420
57,21,4421
57,15,4422
57,18,4423
57,17,4424
57,13,4425
57,10,4426
57,19,4427
57,15,4428
57,19,4429
57,10,4430
57,22,4431
57,10,4432
57,5,4433
57,23,4434
57,19,4435
57,20,4436
57,14,4437
57,9,4438
57,19,4439
57,4,4440
57,10,4441
57,22,4442
57,7,4443
57,11,4444
57,19,4445
57,3,4446
57,12,4447
57,8,4448
57,12,4449
57,2,4450
57,22,4451
57,8,4452
57,16,4453
57,15,4454
57,24,4455
57,5,4456
57,1,4457
57,18,4458
57,20,4459
57,20,4460
57,4,4461
57,17,4462
57,5,4463
57,9,4464
57,16,4465
57,24,4466
57,5,4467
58,5,4468
58,8,4469
58,23,4470
58,9,4471
58,18,4472
58,21,4473
58,16,4474
58,4,4475
58,16,4476
58,18,4477
58,16,4478
58,23,4479
58,6,4480
58,18,4481
58,20,4482
58,13,4483
58,10,4484
58,11,4485
58,12,4486
58,14,4487
58,11,4488
58,6,4489
58,9,4490
58,6,4491
58,10,4492
58,2,4493
58,10,4494
58,18,4495
58,17,4496
58,10,4497
58,23,4498
58,22,4499
58,18,4500
58,21,4501
58,7,4502
58,11,4503
58,18,4504
58,22,4505
58,15,4506
58,9,4507
58,15,4508
58,7,4509
58,8,4510
58,21,4511
58,24,4512
58,4,4513
58,9,4514
58,9,4515
58,14,4516
58,21,4517
58,23,4518
58,24,4519
58,3,4520
58,8,4521
58,6,4522
58,12,4523
58,9,4524
58,16,4525
58,6,4526
58,1,4527
58,1,4528
58,4,4529
58,23,4530
58,19,4531
58,1,4532
58,5,4533
58,5,4534
58,18,4535
58,2,4536
58,20,4537
58,3,4538
58,17,4539
58,2,4540
58,10,4541
58,13,4542
58,1,4543
58,14,4544
58,22,4545
58,10,4546
58,3,4547
58,18,4548
58,9,4549
58,3,4550
58,20,4551
58,16,4552
58,8,4553
58,7,4554
58,24,4555
58,24,4556
58,12,4557
58,1,4558
58,1,4559
58,16,4560
58,24,4561
58,19,4562
59,16,4563
59,4,4564
59,24,4565
59,9,4566
59,5,4567
59,19,4568
59,12,4569
59,22,4570
59,20,4571
59,22,4572
59,11,4573
59,21,4574
59,11,4575
59,8,4576
59,7,4577
59,14,4578
59,1,4579
59,15,4580
59,16,4581
59,21,4582
59,6,4583
59,24,4584
59,3,4585
59,6,4586
59,23,4587
59,15,4588
59,7,4589
59,24,4590
59,6,4591
59,6,4592
59,18,4593
59,22,4594
59,9,4595
59,17,4596
59,7,4597
59,14,4598
59,11,4599
59,18,4600
59,12,4601
59,7,4602
59,15,4603
59,22,4604
59,3,4605
59,2,4606
59,5,4607
59,9,4608
59,15,4609
59,5,4610
59,24,4611
59,6,4612
59,2,4613
59,6,4614
59,6,4615
59,4,4616
59,11,4617
59,5,4618
59,19,4619
59,18,4620
59,4,4621
59,1,4622
59,24,4623
59,22,4624
59,22,4625
59,8,4626
59,15,4627
59,4,4628
59,22,4629
59,2,4630
59,22,4631
59,9,4632
59,8,4633
59,13,4634
59,7,4635
59,11,4636
59,14,4637
59,11,4638
59,20,4639
59,4,4640
59,16,4641
59,19,4642
59,10,4643
59,17,4644
59,24,4645
59,16,4646
59,21,4647
59,11,4648
59,20,4649
59,16,4650
59,4,4651
59,23,4652
59,17,4653
59,3,4654
59,21,4655
59,15,4656
60,11,4657
60,11,4658
60,19,4659
60,9,4660
60,13,4661
60,16,4662
60,18,4663
60,20,4664
60,4,4665
60,24,4666
60,7,4667
60,18,4668
60,11,4669
60,2,4670
60,22,4671
60,2,4672
60,20,4673
60,8,4674
60,19,4675
60,20,4676
60,23,4677
60,16,4678
60,6,4679
60,18,4680
60,7,4681
60,10,4682
60,17,4683
60,23,4684
60,13,4685
60,14,4686
60,13,4687
60,24,4688
60,24,4689
60,8,4690
60,8,4691
60,12,4692
60,23,4693
60,2,4694
60,8,4695
60,3,4696
60,2,4697
60,15,4698
60,20,4699
60,12,4700
60,16,4701
60,18,4702
60,14,4703
60,12,4704
60,1,4705
60,9,4706
60,7,4707
60,24,4708
60,24,4709
60,13,4710
60,17,4711
60,7,4712
60,22,4713
60,10,4714
60,5,4715
60,11,4716
60,23,4717
60,18,4718
60,10,4719
60,23,4720
60,1,4721
60,18,4722
60,11,4723
60,24,4724
60,20,4725
60,18,4726
60,2,4727
60,21,4728
60,9,4729
60,22,4730
60,8,4731
60,24,4732
60,15,4733
60,22,4734
60,11,4735
60,16,4736
60,6,4737
60,18,4738
60,15,4739
60,6,4740
60,6,4741
60,8,4742
60,12,4743
60,4,4744
60,17,4745
60,17,4746
60,14,4747
60,15,4748
60,10,4749
61,24,4750
61,13,4751
61,11,4752
61,18,4753
61,24,4754
61,10,4755
61,13,4756
61,18,4757
61,12,4758
61,9,4759
61,2,4760
61,10,4761
61,17,4762
61,1,4763
61,1,4764
61,15,4765
61,12,4766
61,16,4767
61,20,4768
61,5,4769
61,7,4770
61,2,4771
61,10,4772
61,15,4773
61,13,4774
61,14,4775
61,7,4776
61,5,4777
61,4,4778
61,22,4779
61,15,4780
61,4,4781
61,11,4782
61,1,4783
61,21,4784
61,10,4785
61,11,4786
61,9,4787
61,3,4788
61,23,4789
61,18,4790
61,4,4791
61,8,4792
61,11,4793
61,5,4794
61,9,4795
61,1,4796
61,16,4797
61,1,4798
61,21,4799
61,20,4800
61,7,4801
61,22,4802
61,6,4803
61,21,4804
61,10,4805
61,20,4806
61,4,4807
61,15,4808
61,23,4809
61,2,4810
61,5,4811
61,2,4812
61,12,4813
61,6,4814
61,23,4815
61,22,4816
61,17,4817
61,8,4818
61,24,4819
61,15,4820
61,2,4821
61,4,4822
61,23,4823
61,12,4824
61,8,4825
61,8,4826
61,12,4827
61,24,4828
61,8,4829
61,8,4830
61,20,4831
61,15,4832
61,6,4833
61,1,4834
61,12,4835
61,16,4836
61,21,4837
61,16,4838
61,6,4839
61,20,4840
61,17,4841
62,10,4842
62,21,4843
62,4,4844
62,16,4845
62,20,4846
62,2,4847
62,8,4848
62,3,4849
62,1,4850
62,23,4851
62,4,4852
62,5,4853
62,22,4854
62,15,4855
62,13,4856
62,5,4857
62,3,4858
62,12,4859
62,13,4860
62,11,4861
62,7,4862
62,3,4863
62,16,4864
62,8,4865
62,15,4866
62,8,4867
62,4,4868
62,6,4869
62,13,4870
62,23,4871
62,22,4872
62,23,4873
62,20,4874
62,2,4875
62,14,4876
62,16,4877
62,3,4878
62,22,4879
62,18,4880
62,4,4881
62,20,4882
62,22,4883
62,8,4884
62,18,4885
62,13,4886
62,21,4887
62,22,4888
62,16,4889
62,8,4890
62,11,4891
62,2,4892
62,15,4893
62,13,4894
62,18,4895
62,22,4896
62,4,4897
62,1,4898
62,2,4899
62,9,4900
62,14,4901
62,1,4902
62,7,4903
62,12,4904
62,20,4905
62,8,4906
62,2,4907
62,12,4908
62,10,4909
62,23,4910
62,5,4911
62,14,4912
62,18,4913
62,3,4914
62,21,4915
62,11,4916
62,15,4917
62,17,4918
62,9,4919
62,7,4920
62,1,4921
62,19,4922
62,8,4923
62,15,4924
62,8,4925
62,2,4926
62,13,4927
62,11,4928
62,3,4929
62,14,4930
62,20,4931
62,17,4932
63,14,4933
63,2,4934
63,4,4935
63,10,4936
63,9,4937
63,5,4938
63,21,4939
63,19,4940
63,3,4941
63,2,4942
63,8,4943
63,21,4944
63,4,4945
63,5,4946
63,8,4947
63,19,4948
63,22,4949
63,16,4950
63,1,4951
63,22,4952
63,11,4953
63,9,4954
63,13,4955
63,19,4956
63,11,4957
63,1,4958
63,5,4959
63,14,4960
63,14,4961
63,1,4962
63,6,4963
63,4,4964
63,2,4965
63,9,4966
63,13,4967
63,11,4968
63,14,4969
63,10,4970
63,6,4971
63,17,4972
63,11,4973
63,13,4974
63,14,4975
63,15,4976
63,18,4977
63,21,4978
63,9,4979
63,15,4980
63,13,4981
63,10,4982
63,13,4983
63,23,4984
63,19,4985
63,1,4986
63,17,4987
63,6,4988
63,2,4989
63,22,4990
63,19,4991
63,16,4992
63,22,4993
63,1,4994
63,19,4995
63,24,4996
63,10,4997
63,8,4998
63,10,4999
63,23,5000
63,17,5001
63,15,5002
63,16,5003
63,3,5004
63,4,5005
63,5,5006
63,18,5007
63,21,5008
63,1,5009
63,3,5010
63,12,5011
63,13,5012
63,12,5013
63,24,5014
63,12,5015
63,7,5016
63,1,5017
63,4,5018
63,13,5019
63,3,5020
63,2,5021
63,8,5022
64,18,5023
64,23,5024
64,8,5025
64,12,5026
64,23,5027
64,17,5028
64,19,5029
64,9,5030
64,16,5031
64,12,5032
64,23,5033
64,8,5034
64,15,5035
64,3,5036
64,12,5037
64,8,5038
64,24,5039
64,13,5040
64,10,5041
64,11,5042
64,2,5043
64,22,5044
64,10,5045
64,14,5046
64,4,5047
64,11,5048
64,17,5049
64,17,5050
64,13,5051
64,19,5052
64,24,5053
64,6,5054
64,18,5055
64,8,5056
64,18,5057
64,16,5058
64,24,5059
64,13,5060
64,24,5061
64,16,5062
64,24,5063
64,23,5064
64,24,5065
64,14,5066
64,1,5067
64,11,5068
64,21,5069
64,24,5070
64,24,5071
64,6,5072
64,11,5073
64,2,5074
64,3,5075
64,20,5076
64,15,5077
64,7,5078
64,7,5079
64,8,5080
64,24,5081
64,19,5082
64,2,5083
64,23,5084
64,1,5085
64,19,5086
64,6,5087
64,18,5088
64,11,5089
64,6,5090
64,7,5091
64,10,5092
64,22,5093
64,6,5094
64,8,5095
64,21,5096
64,19,5097
64,9,5098
64,8,5099
64,16,5100
64,9,5101
64,8,5102
64,22,5103
64,19,5104
64,9,5105
64,1,5106
64,15,5107
64,24,5108
64,7,5109
64,21,5110
64,8,5111
65,7,5112
65,16,5113
65,9,5114
65,5,5115
65,16,5116
65,4,5117
65,11,5118
65,10,5119
65,14,5120
65,17,5121
65,16,5122
65,24,5123
65,15,5124
65,21,5125
65,7,5126
65,12,5127
65,16,5128
65,16,5129
65,19,5130
65,8,5131
65,24,5132
65,3,5133
65,5,5134
65,19,5135
65,12,5136
65,5,5137
65,9,5138
65,11,5139
65,12,5140
65,5,5141
65,18,5142
65,18,5143
65,21,5144
65,3,5145
65,23,5146
65,12,5147
65,7,5148
65,10,5149
65,22,5150
65,21,5151
65,3,5152
65,14,5153
65,20,5154
65,17,5155
65,11,5156
65,3,5157
65,4,5158
65,2,5159
65,19,5160
65,23,5161
65,10,5162
65,18,5163
65,1,5164
65,15,5165
65,12,5166
65,13,5167
65,19,5168
65,21,5169
65,23,5170
65,7,5171
65,2,5172
65,17,5173
65,1,5174
65,22,5175
65,20,5176
65,23,5177
65,10,5178
65,3,5179
65,8,5180
65,7,5181
65,23,5182
65,11,5183
65,20,5184
65,19,5185
65,3,5186
65,6,5187
65,22,5188
65,7,5189
65,8,5190
65,16,5191
65,6,5192
65,18,5193
65,10,5194
65,7,5195
65,8,5196
65,22,5197
65,19,5198
65,3,5199
66,18,5200
66,18,5201
66,9,5202
66,19,5203
66,11,5204
66,9,5205
66,17,5206
66,6,5207
66,8,5208
66,2,5209
66,9,5210
66,16,5211
66,9,5212
66,8,5213
66,2,5214
66,5,5215
66,3,5216
66,5,5217
66,11,5218
66,24,5219
66,11,5220
66,19,5221
66,15,5222
66,16,5223
66,12,5224
66,24,5225
66,22,5226
66,19,5227
66,21,5228
66,16,5229
66,21,5230
66,14,5231
66,9,5232
66,6,5233
66,9,5234
66,20,5235
66,14,5236
66,1,5237
66,1,5238
66,22,5239
66,3,5240
66,10,5241
66,13,5242
66,11,5243
66,17,5244
66,14,5245
66,16,5246
66,20,5247
66,19,5248
66,2,5249
66,19,5250
66,5,5251
66,20,5252
66,9,5253
66,21,5254
66,8,5255
66,9,5256
66,18,5257
66,2,5258
66,6,5259
66,10,5260
66,23,5261
66,20,5262
66,19,5263
66,5,5264
66,4,5265
66,14,5266
66,18,5267
66,5,5268
66,15,5269
66,16,5270
66,7,5271
66,1,5272
66,4,5273
66,18,5274
66,17,5275
66,18,5276
66,9,5277
66,12,5278
66,12,5279
66,11,5280
66,7,5281
66,17,5282
66,6,5283
66,16,5284
66,13,5285
66,14,5286
67,24,5287
67,7,5288
67,15,5289
67,5,5290
67,16,5291
67,14,5292
67,24,5293
67,11,5294
67,18,5295
67,4,5296
67,24,5297
67,12,5298
67,8,5299
67,15,5300
67,3,5301
67,15,5302
67,15,5303
67,7,5304
67,9,5305
67,8,5306
67,1,5307
67,17,5308
67,20,5309
67,13,5310
67,3,5311
67,2,5312
67,5,5313
67,9,5314
67,17,5315
67,17,5316
67,22,5317
67,17,5318
67,23,5319
67,13,5320
67,22,5321
67,15,5322
67,3,5323
67,21,5324
67,1,5325
67,20,5326
67,1,5327
67,1,5328
67,8,5329
67,9,5330
67,16,5331
67,11,5332
67,23,5333
67,6,5334
67,18,5335
67,8,5336
67,14,5337
67,18,5338
67,24,5339
67,9,5340
67,6,5341
67,3,5342
67,10,5343
67,10,5344
67,11,5345
67,3,5346
67,3,5347
67,9,5348
67,20,5349
67,2,5350
67,21,5351
67,17,5352
67,16,5353
67,23,5354
67,14,5355
67,17,5356
67,19,5357
67,14,5358
67,18,5359
67,3,5360
67,22,5361
67,9,5362
67,13,5363
67,21,5364
67,15,5365
67,6,5366
67,4,5367
67,4,5368
67,23,5369
67,4,5370
67,13,5371
67,5,5372
68,6,5373
68,23,5374
68,15,5375
68,17,5376
68,1,5377
68,17,5378
68,1,5379
68,20,5380
68,18,5381
68,22,5382
68,12,5383
68,10,5384
68,20,5385
68,2,5386
68,3,5387
68,15,5388
68,15,5389
68,21,5390
68,17,5391
68,13,5392
68,6,5393
68,5,5394
68,10,5395
68,21,5396
68,11,5397
68,14,5398
68,24,5399
68,10,5400
68,18,5401
68,12,5402
68,14,5403
68,23,5404
68,10,5405
68,4,5406
68,16,5407
68,11,5408
68,21,5409
68,16,5410
68,7,5411
68,15,5412
68,14,5413
68,19,5414
68,24,5415
68,9,5416
68,20,5417
68,3,5418
68,23,5419
68,11,5420
68,23,5421
68,15,5422
68,23,5423
68,5,5424
68,20,5425
68,9,5426
68,1,5427
68,6,5428
68,22,5429
68,1,5430
68,15,5431
68,16,5432
68,12,5433
68,5,5434
68,15,5435
68,22,5436
68,8,5437
68,6,5438
68,9,5439
68,4,5440
68,22,5441
68,15,5442
68,18,5443
68,11,5444
68,9,5445
68,18,5446
68,20,5447
68,5,5448
68,21,5449
68,19,5450
68,15,5451
68,20,5452
68,9,5453
68,14,5454
68,24,5455
68,5,5456
68,22,5457
69,24,5458
69,10,5459
69,20,5460
69,24,5461
69,1,5462
69,11,5463
69,12,5464
69,5,5465
69,1,5466
69,10,5467
69,13,5468
69,7,5469
69,18,5470
69,16,5471
69,4,5472
69,8,5473
69,10,5474
69,15,5475
69,17,5476
69,4,5477
69,10,5478
69,21,5479
69,24,5480
69,4,5481
69,12,5482
69,19,5483
69,13,5484
69,1,5485
69,19,5486
69,17,5487
69,23,5488
69,18,5489
69,3,5490
69,18,5491
69,18,5492
69,3,5493
69,5,5494
69,5,5495
69,8,5496
69,5,5497
69,15,5498
69,20,5499
69,11,5500
69,8,5501
69,12,5502
69,15,5503
69,16,5504
69,21,5505
69,5,5506
69,8,5507
69,1,5508
69,14,5509
69,5,5510
69,24,5511
69,18,5512
69,17,5513
69,19,5514
69,6,5515
69,17,5516
69,13,5517
69,22,5518
69,15,5519
69,7,5520
69,1,5521
69,9,5522
69,24,5523
69,4,5524
69,13,5525
69,5,5526
69,11,5527
69,17,5528
69,19,5529
69,7,5530
69,4,5531
69,2,5532
69,18,5533
69,19,5534
69,18,5535
69,15,5536
69,23,5537
69,2,5538
69,15,5539
69,13,5540
69,7,5541
70,15,5542
70,6,5543
70,23,5544
70,9,5545
70,11,5546
70,16,5547
70,21,5548
70,9,5549
70,6,5550
70,3,5551
70,9,5552
70,15,5553
70,3,5554
70,12,5555
70,3,5556
70,7,5557
70,23,5558
70,20,5559
70,2,5560
70,5,5561
70,24,5562
70,4,5563
70,22,5564
70,18,5565
70,21,5566
70,12,5567
70,16,5568
70,22,5569
70,3,5570
70,4,5571
70,4,5572
70,17,5573
70,9,5574
70,2,5575
70,1,5576
70,20,5577
70,17,5578
70,22,5579
70,4,5580
70,23,5581
70,1,5582
70,12,5583
70,13,5584
70,4,5585
70,24,5586
70,16,5587
70,11,5588
70,23,5589
70,11,5590
70,12,5591
70,3,5592
70,10,5593
70,15,5594
70,1,5595
70,3,5596
70,11,5597
70,13,5598
70,19,5599
70,8,5600
70,15,5601
70,22,5602
70,12,5603
70,8,5604
70,7,5605
70,13,5606
70,9,5607
70,2,5608
70,6,5609
70,7,5610
70,6,5611
70,5,5612
70,7,5613
70,18,5614
70,17,5615
70,11,5616
70,17,5617
70,9,5618
70,21,5619
70,16,5620
70,19,5621
70,8,5622
70,18,5623
70,5,5624
71,22,5625
71,19,5626
71,8,5627
71,9,5628
71,7,5629
71,2,5630
71,17,5631
71,22,5632
71,24,5633
71,4,5634
71,6,5635
71,7,5636
71,17,5637
71,14,5638
71,8,5639
71,23,5640
71,20,5641
71,13,5642
71,3,5643
71,3,5644
71,6,5645
71,20,5646
71,13,5647
71,23,5648
71,4,5649
71,9,5650
71,14,5651
71,23,5652
71,16,5653
71,8,5654
71,3,5655
71,14,5656
71,3,5657
71,10,5658
71,23,5659
71,10,5660
71,12,5661
71,15,5662
71,8,5663
71,11,5664
71,18,5665
71,13,5666
71,17,5667
71,11,5668
71,2,5669
71,1,5670
71,9,5671
71,21,5672
71,14,5673
71,11,5674
71,23,5675
71,20,5676
71,7,5677
71,11,5678
71,19,5679
71,10,5680
71,20,5681
71,8,5682
71,9,5683
71,12,5684
71,16,5685
71,11,5686
71,1,5687
71,19,5688
71,21,5689
71,24,5690
71,4,5691
71,8,5692
71,14,5693
71,11,5694
71,19,5695
71,8,5696
71,23,5697
71,12,5698
71,18,5699
71,24,5700
71,12,5701
71,2,5702
71,21,5703
71,2,5704
71,13,5705
71,19,5706
72,21,5707
72,19,5708
72,6,5709
72,15,5710
72,5,5711
72,2,5712
72,23,5713
72,13,5714
72,13,5715
72,15,5716
72,24,5717
72,14,5718
72,9,5719
72,21,5720
72,13,5721
72,12,5722
72,5,5723
72,2,5724
72,23,5725
72,23,5726
72,9,5727
72,21,5728
72,10,5729
72,3,5730
72,21,5731
72,22,5732
72,4,5733
72,17,5734
72,23,5735
72,17,5736
72,12,5737
72,20,5738
72,12,5739
72,17,5740
72,10,5741
72,17,5742
72,18,5743
72,9,5744
72,6,5745
72,7,5746
72,23,5747
72,5,5748
72,20,5749
72,8,5750
72,2,5751
72,8,5752
72,19,5753
72,6,5754
72,9,5755
72,17,5756
72,4,5757
72,18,5758
72,14,5759
72,14,5760
72,20,5761
72,10,5762
72,12,5763
72,24,5764
72,2,5765
72,11,5766
72,16,5767
72,13,5768
72,6,5769
72,4,5770
72,6,5771
72,16,5772
72,20,5773
72,24,5774
72,1,5775
72,1,5776
72,6,5777
72,24,5778
72,6,5779
72,1,5780
72,7,5781
72,7,5782
72,8,5783
72,2,5784
72,13,5785
72,17,5786
72,18,5787
73,16,5788
73,11,5789
73,8,5790
73,6,5791
73,6,5792
73,17,5793
73,18,5794
73,6,5795
73,19,5796
73,4,5797
73,22,5798
73,7,5799
73,10,5800
73,1,5801
73,13,5802
73,2,5803
73,20,5804
73,12,5805
73,2,5806
73,21,5807
73,17,5808
73,2,5809
73,3,5810
73,18,5811
73,8,5812
73,10,5813
73,2,5814
73,9,5815
73,22,5816
73,18,5817
73,3,5818
73,14,5819
73,5,5820
73,10,5821
73,20,5822
73,11,5823
73,3,5824
73,13,5825
73,16,5826
73,21,5827
73,16,5828
73,13,5829
73,4,5830
73,2,5831
73,13,5832
73,16,5833
73,4,5834
73,9,5835
73,4,5836
73,6,5837
73,6,5838
73,21,5839
73,7,5840
73,9,5841
73,14,5842
73,14,5843
73,18,5844
73,15,5845
73,22,5846
73,16,5847
73,9,5848
73,1,5849
73,5,5850
73,13,5851
73,10,5852
73,24,5853
73,23,5854
73,12,5855
73,12,5856
73,14,5857
73,8,5858
73,4,5859
73,3,5860
73,12,5861
73,6,5862
73,16,5863
73,4,5864
73,9,5865
73,1,5866
73,7,5867
74,14,5868
74,6,5869
74,3,5870
74,20,5871
74,14,5872
74,17,5873
74,9,5874
74,8,5875
74,7,5876
74,7,5877
74,23,5878
74,15,5879
74,7,5880
74,3,5881
74,4,5882
74,17,5883
74,3,5884
74,3,5885
74,5,5886
74,15,5887
74,17,5888
74,13,5889
74,18,5890
74,19,5891
74,24,5892
74,23,5893
74,10,5894
74,3,5895
74,7,5896
74,10,5897
74,9,5898
74,20,5899
74,16,5900
74,12,5901
74,16,5902
74,6,5903
74,4,5904
74,1,5905
74,13,5906
74,10,5907
74,8,5908
74,12,5909
74,1,5910
74,15,5911
74,15,5912
74,5,5913
74,7,5914
74,17,5915
74,7,5916
74,11,5917
74,7,5918
74,23,5919
74,23,5920
74,1,5921
74,17,5922
74,23,5923
74,23,5924
74,3,5925
74,1,5926
74,6,5927
74,13,5928
74,10,5929
74,2,5930
74,4,5931
74,21,5932
74,18,5933
74,10,5934
74,24,5935
74,18,5936
74,23,5937
74,10,5938
74,1,5939
74,10,5940
74,11,5941
74,16,5942
74,1,5943
74,15,5944
74,22,5945
74,17,5946
75,21,5947
75,9,5948
75,24,5949
75,20,5950
75,8,5951
75,24,5952
75,13,5953
75,6,5954
75,23,5955
75,15,5956
75,7,5957
75,5,5958
75,4,5959
75,16,5960
75,7,5961
75,7,5962
75,12,5963
75,24,5964
75,17,5965
75,11,5966
75,17,5967
75,15,5968
75,21,5969
75,18,5970
75,24,5971
75,7,5972
75,9,5973
75,1,5974
75,21,5975
75,7,5976
75,17,5977
75,18,5978
75,15,5979
75,17,5980
75,13,5981
75,23,5982
75,17,5983
75,1,5984
75,4,5985
75,15,5986
75,16,5987
75,10,5988
75,20,5989
75,19,5990
75,2,5991
75,2,5992
75,2,5993
75,13,5994
75,1,5995
75,18,5996
75,24,5997
75,18,5998
75,8,5999
75,20,6000
75,12,6001
75,8,6002
75,3,6003
75,20,6004
75,8,6005
75,23,6006
75,3,6007
75,1,6008
75,17,6009
75,18,6010
75,17,6011
75,5,6012
75,16,6013
75,10,6014
75,6,6015
75,20,6016
75,1,6017
75,22,6018
75,6,6019
75,20,6020
75,16,6021
75,7,6022
75,22,6023
75,18,6024
76,19,6025
76,23,6026
76,11,6027
76,19,6028
76,16,6029
76,19,6030
76,15,6031
76,4,6032
76,3,6033
76,17,6034
76,23,6035
76,11,6036
76,16,6037
76,2,6038
76,11,6039
76,8,6040
76,19,6041
76,4,6042
76,13,6043
76,10,6044
76,13,6045
76,19,6046
76,6,6047
76,13,6048
76,16,6049
76,11,6050
76,9,6051
76,7,6052
76,18,6053
76,6,6054
76,24,6055
76,13,6056
76,4,6057
76,11,6058
76,7,6059
76,20,6060
76,5,6061
76,21,6062
76,23,6063
76,8,6064
76,14,6065
76,22,6066
76,18,6067
76,5,6068
76,23,6069
76,5,6070
76,12,6071
76,17,6072
76,8,6073
76,1,6074
76,3,6075
76,21,6076
76,19,6077
76,8,6078
76,10,6079
76,10,6080
76,19,6081
76,18,6082
76,17,6083
76,12,6084
76,24,6085
76,17,6086
76,24,6087
76,4,6088
76,4,6089
76,6,6090
76,23,6091
76,8,6092
76,3,6093
76,22,6094
76,16,6095
76,16,6096
76,20,6097
76,9,6098
76,21,6099
76,18,6100
76,13,6101
77,8,6102
77,11,6103
77,21,6104
77,9,6105
77,14,6106
77,17,6107
77,3,6108
77,21,6109
77,3,6110
77,13,6111
77,15,6112
77,20,6113
77,5,6114
77,3,6115
77,20,6116
77,22,6117
77,2,6118
77,23,6119
77,1,6120
77,8,6121
77,22,6122
77,9,6123
77,11,6124
77,20,6125
77,24,6126
77,3,6127
77,15,6128
77,8,6129
77,23,6130
77,9,6131
77,20,6132
77,6,6133
77,20,6134
77,17,6135
77,15,6136
77,9,6137
77,9,6138
77,17,6139
77,6,6140
77,11,6141
77,5,6142
77,21,6143
77,7,6144
77,10,6145
77,23,6146
77,3,6147
77,7,6148
77,1,6149
77,2,6150
77,7,6151
77,8,6152
77,23,6153
77,15,6154
77,19,6155
77,19,6156
77,14,6157
77,21,6158
77,9,6159
77,22,6160
77,19,6161
77,18,6162
77,17,6163
77,1,6164
77,13,6165
77,9,6166
77,15,6167
77,22,6168
77,18,6169
77,7,6170
77,3,6171
77,5,6172
77,12,6173
77,23,6174
77,12,6175
77,21,6176
77,21,6177
78,14,6178
78,3,6179
78,22,6180
78,15,6181
78,9,6182
78,5,6183
78,14,6184
78,24,6185
78,23,6186
78,8,6187
78,13,6188
78,20,6189
78,17,6190
78,10,6191
78,14,6192
78,10,6193
78,3,6194
78,14,6195
78,23,6196
78,12,6197
78,4,6198
78,20,6199
78,6,6200
78,11,6201
78,22,6202
78,10,6203
78,22,6204
78,21,6205
78,21,6206
78,18,6207
78,17,6208
78,11,6209
78,20,6210
78,14,6211
78,1,6212
78,5,6213
78,19,6214
78,14,6215
78,4,6216
78,18,6217
78,22,6218
78,17,6219
78,13,6220
78,14,6221
78,2,6222
78,3,6223
78,24,6224
78,5,6225
78,16,6226
78,22,6227
78,17,6228
78,20,6229
78,18,6230
78,22,6231
78,6,6232
78,15,6233
78,8,6234
78,3,6235
78,11,6236
78,5,6237
78,21,6238
78,4,6239
78,15,6240
78,16,6241
78,18,6242
78,16,6243
78,21,6244
78,13,6245
78,6,6246
78,24,6247
78,7,6248
78,3,6249
78,16,6250
78,20,6251
78,17,6252
79,18,6253
79,22,6254
79,16,6255
79,23,6256
79,13,6257
79,14,6258
79,15,6259
79,8,6260
79,7,6261
79,12,6262
79,14,6263
79,22,6264
79,20,6265
79,17,6266
79,8,6267
79,24,6268
79,13,6269
79,12,6270
79,15,6271
79,4,6272
79,6,6273
79,6,6274
79,1,6275
79,18,6276
79,12,6277
79,24,6278
79,24,6279
79,14,6280
79,16,6281
79,19,6282
79,7,6283
79,9,6284
79,17,6285
79,22,6286
79,7,6287
79,5,6288
79,12,6289
79,22,6290
79,13,6291
79,18,6292
79,10,6293
79,2,6294
79,16,6295
79,5,6296
79,18,6297
79,24,6298
79,4,6299
79,7,6300
79,11,6301
79,19,6302
79,11,6303
79,16,6304
79,24,6305
79,11,6306
79,10,6307
79,11,6308
79,10,6309
79,10,6310
79,1,6311
79,1,6312
79,4,6313
79,7,6314
79,10,6315
79,20,6316
79,5,6317
79,17,6318
79,1,6319
79,16,6320
79,14,6321
79,14,6322
79,10,6323
79,23,6324
79,16,6325
79,1,6326
80,3,6327
80,9,6328
80,24,6329
80,7,6330
80,16,6331
80,11,6332
80,2,6333
80,2,6334
80,3,6335
80,1,6336
80,12,6337
80,12,6338
80,12,6339
80,21,6340
80,21,6341
80,13,6342
80,22,6343
80,1,6344
80,19,6345
80,8,6346
80,21,6347
80,24,6348
80,24,6349
80,21,6350
80,16,6351
80,14,6352
80,10,6353
80,2,6354
80,12,6355
80,1,6356
80,3,6357
80,15,6358
80,10,6359
80,3,6360
80,22,6361
80,1,6362
80,13,6363
80,23,6364
80,3,6365
80,15,6366
80,24,6367
80,14,6368
80,2,6369
80,12,6370
80,10,6371
80,23,6372
80,24,6373
80,8,6374
80,23,6375
80,19,6376
80,15,6377
80,19,6378
80,18,6379
80,15,6380
80,16,6381
80,9,6382
80,5,6383
80,2,6384
80,11,6385
80,16,6386
80,3,6387
80,13,6388
80,7,6389
80,13,6390
80,15,6391
80,5,6392
80,14,6393
80,3,6394
80,4,6395
80,16,6396
80,18,6397
80,3,6398
80,5,6399
81,20,6400
81,14,6401
81,15,6402
81,18,6403
81,14,6404
81,22,6405
81,16,6406
81,8,6407
81,13,6408
81,11,6409
81,2,6410
81,4,6411
81,2,6412
81,11,6413
81,8,6414
81,3,6415
81,21,6416
81,24,6417
81,5,6418
81,9,6419
81,7,6420
81,17,6421
81,23,6422
81,12,6423
81,7,6424
81,2,6425
81,15,6426
81,22,6427
81,19,6428
81,18,6429
81,2,6430
81,14,6431
81,8,6432
81,16,6433
81,8,6434
81,21,6435
81,14,6436
81,23,6437
81,4,6438
81,3,6439
81,9,6440
81,5,6441
81,7,6442
81,11,6443
81,16,6444
81,14,6445
81,13,6446
81,12,6447
81,14,6448
81,18,6449
81,20,6450
81,21,6451
81,11,6452
81,19,6453
81,8,6454
81,17,6455
81,21,6456
81,22,6457
81,14,6458
81,15,6459
81,15,6460
81,16,6461
81,5,6462
81,22,6463
81,8,6464
81,12,6465
81,19,6466
81,21,6467
81,11,6468
81,23,6469
81,24,6470
81,20,6471
82,4,6472
82,6,6473
82,6,6474
82,19,6475
82,20,6476
82,18,6477
82,6,6478
82,10,6479
82,12,6480
82,2,6481
82,6,6482
82,22,6483
82,21,6484
82,13,6485
82,14,6486
82,17,6487
82,11,6488
82,4,6489
82,7,6490
82,1,6491
82,19,6492
82,12,6493
82,23,6494
82,2,6495
82,24,6496
82,18,6497
82,23,6498
82,10,6499
82,16,6500
82,23,6501
82,5,6502
82,20,6503
82,4,6504
82,10,6505
82,14,6506
82,24,6507
82,4,6508
82,20,6509
82,9,6510
82,15,6511
82,21,6512
82,15,6513
82,13,6514
82,17,6515
82,3,6516
82,2,6517
82,9,6518
82,13,6519
82,6,6520
82,16,6521
82,14,6522
82,1,6523
82,4,6524
82,13,6525
82,3,6526
82,3,6527
82,6,6528
82,2,6529
82,13,6530
82,22,6531
82,24,6532
82,17,6533
82,17,6534
82,4,6535
82,3,6536
82,7,6537
82,3,6538
82,7,6539
82,2,6540
82,12,6541
82,21,6542
83,22,6543
83,2,6544
83,9,6545
83,15,6546
83,4,6547
83,11,6548
83,23,6549
83,17,6550
83,17,6551
83,15,6552
83,7,6553
83,17,6554
83,18,6555
83,19,6556
83,19,6557
83,20,6558
83,1,6559
83,21,6560
83,9,6561
83,23,6562
83,20,6563
83,2,6564
83,16,6565
83,23,6566
83,4,6567
83,22,6568
83,1,6569
83,11,6570
83,23,6571
83,13,6572
83,8,6573
83,20,6574
83,14,6575
83,16,6576
83,10,6577
83,18,6578
83,3,6579
83,9,6580
83,10,6581
83,20,6582
83,23,6583
83,16,6584
83,12,6585
83,17,6586
83,11,6587
83,7,6588
83,12,6589
83,12,6590
83,3,6591
83,21,6592
83,10,6593
83,22,6594
83,22,6595
83,2,6596
83,21,6597
83,2,6598
83,23,6599
83,22,6600
83,12,6601
83,21,6602
83,10,6603
83,19,6604
83,16,6605
83,23,6606
83,11,6607
83,2,6608
83,16,6609
83,14,6610
83,11,6611
83,2,6612
84,9,6613
84,9,6614
84,18,6615
84,20,6616
84,1,6617
84,5,6618
84,3,6619
84,13,6620
84,16,6621
84,6,6622
84,9,6623
84,2,6624
84,4,6625
84,7,6626
84,3,6627
84,24,6628
84,8,6629
84,1,6630
84,21,6631
84,19,6632
84,22,6633
84,6,6634
84,13,6635
84,13,6636
84,5,6637
84,24,6638
84,15,6639
84,20,6640
84,13,6641
84,2,6642
84,22,6643
84,21,6644
84,10,6645
84,15,6646
84,17,6647
84,11,6648
84,19,6649
84,19,6650
84,24,6651
84,11,6652
84,1,6653
84,9,6654
84,12,6655
84,4,6656
84,15,6657
84,15,6658
84,4,6659
84,22,6660
84,16,6661
84,24,6662
84,17,6663
84,13,6664
84,6,6665
84,6,6666
84,2,6667
84,10,6668
84,5,6669
84,17,6670
84,6,6671
84,18,6672
84,18,6673
84,3,6674
84,14,6675
84,3,6676
84,17,6677
84,6,6678
84,14,6679
84,12,6680
84,1,6681
85,14,6682
85,22,6683
85,1,6684
85,23,6685
85,10,6686
85,5,6687
85,13,6688
85,1,6689
85,8,6690
85,11,6691
85,16,6692
85,8,6693
85,3,6694
85,4,6695
85,13,6696
85,9,6697
85,5,6698
85,22,6699
85,13,6700
85,21,6701
85,4,6702
85,6,6703
85,14,6704
85,6,6705
85,20,6706
85,17,6707
85,23,6708
85,2,6709
85,7,6710
85,11,6711
85,2,6712
85,21,6713
85,8,6714
85,3,6715
85,19,6716
85,18,6717
85,7,6718
85,7,6719
85,18,6720
85,15,6721
85,18,6722
85,9,6723
85,22,6724
85,21,6725
85,13,6726
85,10,6727
85,5,6728
85,18,6729
85,8,6730
85,18,6731
85,14,6732
85,11,6733
85,24,6734
85,4,6735
85,17,6736
85,19,6737
85,21,6738
85,16,6739
85,20,6740
85,4,6741
85,2,6742
85,21,6743
85,24,6744
85,10,6745
85,24,6746
85,18,6747
85,4,6748
85,7,6749
86,1,6750
86,21,6751
86,21,6752
86,18,6753
86,6,6754
86,18,6755
86,15,6756
86,19,6757
86,3,6758
86,19,6759
86,12,6760
86,11,6761
86,12,6762
86,2,6763
86,22,6764
86,11,6765
86,5,6766
86,14,6767
86,5,6768
86,2,6769
86,5,6770
86,1,6771
86,5,6772
86,7,6773
86,22,6774
86,4,6775
86,17,6776
86,21,6777
86,22,6778
86,20,6779
86,3,6780
86,22,6781
86,16,6782
86,23,6783
86,16,6784
86,22,6785
86,17,6786
86,6,6787
86,16,6788
86,19,6789
86,24,6790
86,3,6791
86,6,6792
86,12,6793
86,4,6794
86,3,6795
86,23,6796
86,9,6797
86,17,6798
86,4,6799
86,10,6800
86,22,6801
86,4,6802
86,15,6803
86,4,6804
86,1,6805
86,18,6806
86,20,6807
86,21,6808
86,16,6809
86,15,6810
86,24,6811
86,13,6812
86,7,6813
86,23,6814
86,5,6815
86,5,6816
87,15,6817
87,10,6818
87,21,6819
87,10,6820
87,10,6821
87,24,6822
87,15,6823
87,22,6824
87,3,6825
87,18,6826
87,20,6827
87,12,6828
87,10,6829
87,23,6830
87,22,6831
87,7,6832
87,2,6833
87,12,6834
87,10,6835
87,3,6836
87,6,6837
87,6,6838
87,24,6839
87,21,6840
87,21,6841
87,23,6842
87,10,6843
87,4,6844
87,22,6845
87,14,6846
87,8,6847
87,12,6848
87,24,6849
87,4,6850
87,22,6851
87,9,6852
87,3,6853
87,12,6854
87,7,6855
87,6,6856
87,5,6857
87,2,6858
87,18,6859
87,14,6860
87,1,6861
87,16,6862
87,21,6863
87,3,6864
87,3,6865
87,6,6866
87,5,6867
87,9,6868
87,11,6869
87,5,6870
87,6,6871
87,8,6872
87,3,6873
87,15,6874
87,11,6875
87,1,6876
87,5,6877
87,18,6878
87,12,6879
87,4,6880
87,22,6881
87,9,6882
88,13,6883
88,1,6884
88,21,6885
88,19,6886
88,7,6887
88,2,6888
88,21,6889
88,1,6890
88,16,6891
88,21,6892
88,16,6893
88,12,6894
88,24,6895
88,19,6896
88,18,6897
88,4,6898
88,3,6899
88,5,6900
88,8,6901
88,8,6902
88,12,6903
88,11,6904
88,23,6905
88,22,6906
88,11,6907
88,4,6908
88,16,6909
88,23,6910
88,7,6911
88,14,6912
88,8,6913
88,20,6914
88,14,6915
88,5,6916
88,15,6917
88,21,6918
88,6,6919
88,11,6920
88,21,6921
88,22,6922
88,8,6923
88,12,6924
88,9,6925
88,8,6926
88,6,6927
88,2,6928
88,11,6929
88,9,6930
88,6,6931
88,19,6932
88,17,6933
88,18,6934
88,6,6935
88,16,6936
88,15,6937
88,17,6938
88,19,6939
88,7,6940
88,15,6941
88,1,6942
88,20,6943
88,23,6944
88,21,6945
88,10,6946
88,3,6947
89,11,6948
89,7,6949
89,9,6950
89,22,6951
89,4,6952
89,6,6953
89,6,6954
89,15,6955
89,15,6956
89,13,6957
89,21,6958
89,17,6959
89,24,6960
89,6,6961
89,23,6962
89,18,6963
89,22,6964
89,16,6965
89,24,6966
89,13,6967
89,7,6968
89,16,6969
89,7,6970
89,13,6971
89,7,6972
89,8,6973
89,9,6974
89,5,6975
89,4,6976
89,19,6977
89,8,6978
89,15,6979
89,1,6980
89,16,6981
89,13,6982
89,4,6983
89,22,6984
89,18,6985
89,19,6986
89,12,6987
89,7,6988
89,16,6989
89,4,6990
89,6,6991
89,21,6992
89,3,6993
89,24,6994
89,19,6995
89,18,6996
89,23,6997
89,8,6998
89,1,6999
89,15,7000
89,15,7001
89,13,7002
89,21,7003
89,23,7004
89,22,7005
89,2,7006
89,2,7007
89,17,7008
89,9,7009
89,17,7010
89,17,7011
90,1,7012
90,5,7013
90,21,7014
90,22,7015
90,22,7016
90,16,7017
90,10,7018
90,4,7019
90,8,7020
90,14,7021
90,10,7022
90,4,7023
90,16,7024
90,9,7025
90,23,7026
90,10,7027
90,8,7028
90,7,7029
90,10,7030
90,22,7031
90,21,7032
90,23,7033
90,18,7034
90,19,7035
90,20,7036
90,19,7037
90,21,7038
90,12,7039
90,4,7040
90,14,7041
90,5,7042
90,4,7043
90,18,7044
90,2,7045
90,1,7046
90,16,7047
90,17,7048
90,11,7049
90,20,7050
90,1,7051
90,1,7052
90,5,7053
90,4,7054
90,16,7055
90,13,7056
90,3,7057
90,1,7058
90,21,7059
90,9,7060
90,11,7061
90,18,7062
90,6,7063
90,9,7064
90,11,7065
90,1,7066
90,5,7067
90,6,7068
90,22,7069
90,17,7070
90,9,7071
90,11,7072
90,22,7073
90,12,7074
91,4,7075
91,23,7076
91,13,7077
91,19,7078
91,16,7079
91,24,7080
91,14,7081
91,16,7082
91,24,7083
91,19,7084
91,20,7085
91,15,7086
91,7,7087
91,23,7088
91,16,7089
91,4,7090
91,8,7091
91,3,7092
91,21,7093
91,13,7094
91,11,7095
91,8,7096
91,14,7097
91,16,7098
91,13,7099
91,11,7100
91,8,7101
91,22,7102
91,21,7103
91,5,7104
91,10,7105
91,24,7106
91,4,7107
91,23,7108
91,19,7109
91,20,7110
91,22,7111
91,9,7112
91,12,7113
91,21,7114
91,3,7115
91,7,7116
91,12,7117
91,10,7118
91,6,7119
91,4,7120
91,13,7121
91,13,7122
91,6,7123
91,9,7124
91,2,7125
91,17,7126
91,16,7127
91,15,7128
91,8,7129
91,5,7130
91,2,7131
91,16,7132
91,3,7133
91,22,7134
91,21,7135
91,12,7136
92,22,7137
92,24,7138
92,11,7139
92,16,7140
92,19,7141
92,8,7142
92,24,7143
92,7,7144
92,5,7145
92,2,7146
92,14,7147
92,17,7148
92,11,7149
92,19,7150
92,21,7151
92,23,7152
92,7,7153
92,3,7154
92,8,7155
92,9,7156
92,19,7157
92,24,7158
92,24,7159
92,3,7160
92,5,7161
92,1,7162
92,19,7163
92,7,7164
92,23,7165
92,15,7166
92,19,7167
92,20,7168
92,15,7169
92,5,7170
92,12,7171
92,9,7172
92,13,7173
92,11,7174
92,16,7175
92,18,7176
92,13,7177
92,5,7178
92,10,7179
92,24,7180
92,23,7181
92,7,7182
92,23,7183
92,6,7184
92,9,7185
92,6,7186
92,14,7187
92,4,7188
92,5,7189
92,14,7190
92,7,7191
92,9,7192
92,15,7193
92,1,7194
92,15,7195
92,13,7196
92,15,7197
93,10,7198
93,9,7199
93,5,7200
93,15,7201
93,20,7202
93,14,7203
93,3,7204
93,7,7205
93,5,7206
93,21,7207
93,20,7208
93,9,7209
93,7,7210
93,19,7211
93,8,7212
93,13,7213
93,17,7214
93,13,7215
93,21,7216
93,22,7217
93,3,7218
93,1,7219
93,3,7220
93,17,7221
93,7,7222
93,11,7223
93,7,7224
93,7,7225
93,2,7226
93,20,7227
93,22,7228
93,12,7229
93,4,7230
93,3,7231
93,2,7232
93,24,7233
93,16,7234
93,5,7235
93,7,7236
93,21,7237
93,1,7238
93,2,7239
93,6,7240
93,7,7241
93,21,7242
93,14,7243
93,20,7244
93,13,7245
93,2,7246
93,16,7247
93,11,7248
93,5,7249
93,16,7250
93,13,7251
93,21,7252
93,23,7253
93,24,7254
93,4,7255
93,5,7256
93,1,7257
94,24,7258
94,3,7259
94,12,7260
94,4,7261
94,5,7262
94,14,7263
94,3,7264
94,20,7265
94,18,7266
94,9,7267
94,17,7268
94,19,7269
94,11,7270
94,23,7271
94,2,7272
94,7,7273
94,12,7274
94,21,7275
94,20,7276
94,14,7277
94,13,7278
94,6,7279
94,18,7280
94,5,7281
94,18,7282
94,15,7283
94,3,7284
94,17,7285
94,19,7286
94,8,7287
94,18,7288
94,18,7289
94,10,7290
94,6,7291
94,21,7292
94,14,7293
94,19,7294
94,24,7295
94,10,7296
94,13,7297
94,9,7298
94,2,7299
94,8,7300
94,19,7301
94,1,7302
94,9,7303
94,2,7304
94,12,7305
94,6,7306
94,21,7307
94,1,7308
94,18,7309
94,2,7310
94,19,7311
94,22,7312
94,20,7313
94,10,7314
94,1,7315
94,13,7316
95,5,7317
95,8,7318
95,7,7319
95,23,7320
95,17,7321
95,12,7322
95,19,7323
95,6,7324
95,7,7325
95,19,7326
95,15,7327
95,20,7328
95,3,7329
95,17,7330
95,3,7331
95,22,7332
95,17,7333
95,12,7334
95,23,7335
95,5,7336
95,17,7337
95,20,7338
95,5,7339
95,10,7340
95,21,7341
95,24,7342
95,8,7343
95,17,7344
95,10,7345
95,8,7346
95,6,7347
95,14,7348
95,16,7349
95,12,7350
95,12,7351
95,8,7352
95,24,7353
95,7,7354
95,13,7355
95,7,7356
95,1,7357
95,4,7358
95,3,7359
95,4,7360
95,20,7361
95,5,7362
95,1,7363
95,13,7364
95,17,7365
95,24,7366
95,17,7367
95,9,7368
95,19,7369
95,22,7370
95,19,7371
95,16,7372
95,21,7373
95,2,7374
96,9,7375
96,7,7376
96,10,7377
96,14,7378
96,20,7379
96,1,7380
96,1,7381
96,8,7382
96,9,7383
96,1,7384
96,15,7385
96,22,7386
96,8,7387
96,15,7388
96,1,7389
96,10,7390
96,19,7391
96,21,7392
96,14,7393
96,19,7394
96,9,7395
96,6,7396
96,19,7397
96,2,7398
96,15,7399
96,13,7400
96,23,7401
96,9,7402
96,5,7403
96,20,7404
96,11,7405
96,13,7406
96,2,7407
96,21,7408
96,2,7409
96,22,7410
96,22,7411
96,3,7412
96,6,7413
96,6,7414
96,4,7415
96,20,7416
96,3,7417
96,11,7418
96,11,7419
96,4,7420
96,20,7421
96,5,7422
96,24,7423
96,10,7424
96,24,7425
96,9,7426
96,15,7427
96,18,7428
96,11,7429
96,6,7430
96,7,7431
97,9,7432
97,14,7433
97,11,7434
97,5,7435
97,1,7436
97,23,7437
97,6,7438
97,21,7439
97,1,7440
97,4,7441
97,18,7442
97,4,7443
97,9,7444
97,24,7445
97,7,7446
97,4,7447
97,2,7448
97,17,7449
97,15,7450
97,6,7451
97,13,7452
97,19,7453
97,6,7454
97,22,7455
97,19,7456
97,14,7457
97,13,7458
97,12,7459
97,1,7460
97,18,7461
97,19,7462
97,9,7463
97,8,7464
97,5,7465
97,13,7466
97,8,7467
97,4,7468
97,19,7469
97,4,7470
97,5,7471
97,23,7472
97,22,7473
97,8,7474
97,7,7475
97,21,7476
97,15,7477
97,11,7478
97,23,7479
97,7,7480
97,1,7481
97,4,7482
97,19,7483
97,20,7484
97,9,7485
97,17,7486
97,14,7487
98,23,7488
98,5,7489
98,2,7490
98,23,7491
98,23,7492
98,20,7493
98,8,7494
98,6,7495
98,1,7496
98,21,7497
98,13,7498
98,5,7499
98,16,7500
98,17,7501
98,9,7502
98,14,7503
98,14,7504
98,17,7505
98,20,7506
98,10,7507
98,7,7508
98,7,7509
98,8,7510
98,14,7511
98,8,7512
98,12,7513
98,9,7514
98,4,7515
98,21,7516
98,1,7517
98,18,7518
98,20,7519
98,6,7520
98,19,7521
98,19,7522
98,4,7523
98,15,7524
98,2,7525
98,9,7526
98,16,7527
98,23,7528
98,22,7529
98,20,7530
98,14,7531
98,14,7532
98,5,7533
98,3,7534
98,3,7535
98,21,7536
98,23,7537
98,13,7538
98,4,7539
98,5,7540
98,21,7541
98,17,7542
99,12,7543
99,8,7544
99,1,7545
99,16,7546
99,4,7547
99,1,7548
99,9,7549
99,23,7550
99,6,7551
99,4,7552
99,17,7553
99,10,7554
99,19,7555
99,19,7556
99,18,7557
99,10,7558
99,17,7559
99,16,7560
99,6,7561
99,6,7562
99,5,7563
99,11,7564
99,9,7565
99,7,7566
99,8,7567
99,7,7568
99,20,7569
99,11,7570
99,11,7571
99,16,7572
99,3,7573
99,23,7574
99,23,7575
99,3,7576
99,14,7577
99,3,7578
99,4,7579
99,23,7580
99,2,7581
99,10,7582
99,2,7583
99,19,7584
99,19,7585
99,20,7586
99,13,7587
99,12,7588
99,6,7589
99,6,7590
99,4,7591
99,11,7592
99,12,7593
99,8,7594
99,21,7595
99,20,7596
100,15,7597
100,5,7598
100,2,7599
100,10,7600
100,15,7601
100,13,7602
100,1,7603
100,17,7604
100,12,7605
100,24,7606
100,20,7607
100,2,7608
100,2,7609
100,23,7610
100,24,7611
100,4,7612
100,8,7613
100,2,7614
100,22,7615
100,2,7616
100,21,7617
100,11,7618
100,14,7619
100,2,7620
100,16,7621
100,17,7622
100,13,7623
100,4,7624
100,1,7625
100,10,7626
100,23,7627
100,15,7628
100,14,7629
100,1,7630
100,1,7631
100,4,7632
100,14,7633
100,1,7634
100,21,7635
100,1,7636
100,1,7637
100,16,7638
100,2,7639
100,3,7640
100,15,7641
100,2,7642
100,6,7643
100,23,7644
100,3,7645
100,3,7646
100,24,7647
100,24,7648
100,13,7649
101,14,7650
101,2,7651
101,5,7652
101,7,7653
101,14,7654
101,8,7655
101,7,7656
101,23,7657
101,6,7658
101,22,7659
101,13,7660
101,7,7661
101,22,7662
101,17,7663
101,20,7664
101,23,7665
101,13,7666
101,20,7667
101,23,7668
101,5,7669
101,22,7670
101,1,7671
101,20,7672
101,24,7673
101,6,7674
101,18,7675
101,2,7676
101,9,7677
101,18,7678
101,2,7679
101,21,7680
101,8,7681
101,3,7682
101,1,7683
101,14,7684
101,16,7685
101,8,7686
101,21,7687
101,15,7688
101,14,7689
101,18,7690
101,4,7691
101,20,7692
101,16,7693
101,20,7694
101,15,7695
101,14,7696
101,9,7697
101,11,7698
101,13,7699
101,14,7700
101,9,7701
104,2425,80001
104,2425,80002
104,2425,80003
104,2425,80004
104,2425,80005
104,2425,80006
